Season,Round,Home,Away,line,T,ev_cal,pl_cal,ev_unc,pl_unc
2023,17,Zhejiang Professional,Tianjin Jinmen Tiger,-0.25,1.490554205970191,-0.01915074956103386,0.8700000000000001,-0.04249255718475278,0.8700000000000001
2023,17,Nantong Zhiyun,Shandong Taishan,1.0,1.490554205970191,0.33025945908834814,1.0099999999999998,0.4499192942225454,1.0099999999999998
2023,17,Shenzhen,Shanghai Port,2.5,1.490554205970191,0.11699237607033296,-1.0,0.2165252670132902,-1.0
2023,17,Beijing Guoan,Wuhan Three Towns,0.0,1.490554205970191,0.12014849168817476,0.0,0.14191216607978613,0.0
2023,17,Dalian Pro,Changchun Yatai,0.0,1.490554205970191,0.08738816474627405,0.0,0.1101490863707656,0.0
2023,17,Cangzhou,Chengdu Rongcheng,0.75,1.3963120836738425,0.2523489422389865,1.0099999999999998,0.32140426815332485,1.0099999999999998
2023,17,Qingdao Hainiu,Henan Songshan Longmen,-0.25,1.3963120836738425,0.2479589358582213,0.94,0.25915046549439974,0.94
2023,17,Shanghai Shenhua,Meizhou Hakka,-1.0,1.3963120836738425,0.07442469147478235,0.0,0.022970516094472964,0.0
2023,18,Henan Songshan Longmen,Nantong Zhiyun,-0.25,1.4225209738726727,0.15876991322452555,0.495,0.21117036669715936,0.495
2023,18,Shanghai Port,Cangzhou,-1.75,1.4225209738726727,-0.05229808474663511,0.8999999999999999,-0.006689649914626633,-1.0
2023,18,Tianjin Jinmen Tiger,Shenzhen,-2.0,1.4225209738726727,0.5431031173894011,0.9299999999999999,0.6519800757770057,0.9299999999999999
2023,18,Chengdu Rongcheng,Dalian Pro,-1.25,1.3587454604144191,0.11961293501445756,-1.0,0.2025529601373188,-1.0
2023,18,Beijing Guoan,Qingdao Hainiu,-1.0,1.3587454604144191,0.09688694102791125,-1.0,0.14338549346993812,-1.0
2023,18,Zhejiang Professional,Shandong Taishan,0.5,1.3587454604144191,-0.0431808600750709,-1.0,-0.00528199919761955,0.8300000000000001
2023,18,Changchun Yatai,Shanghai Shenhua,0.0,1.3587454604144191,0.0558770245262627,0.0,0.07087599230992163,0.0
2023,18,Wuhan Three Towns,Meizhou Hakka,-1.75,1.3629562999606977,-0.04621200678923911,-1.0,-0.028898735695034383,0.81
2023,19,Henan Songshan Longmen,Shenzhen,-1.5,1.3586355642078434,0.3295677649897573,-1.0,0.4180385725541423,-1.0
2023,19,Chengdu Rongcheng,Zhejiang Professional,-0.75,1.3624068045032156,0.1209236429695076,-1.0,0.12250531233195239,-1.0
2023,19,Meizhou Hakka,Dalian Pro,-0.25,1.3624068045032156,-0.015543081901327672,0.8600000000000001,-0.026480949987067903,0.8600000000000001
2023,19,Nantong Zhiyun,Cangzhou,0.0,1.3624068045032156,0.10027343928647024,-1.0,0.10286555146486295,-1.0
2023,19,Shanghai Shenhua,Shanghai Port,0.5,1.3624068045032156,0.1535384349826466,-1.0,0.223000208775909,-1.0
2023,19,Tianjin Jinmen Tiger,Changchun Yatai,-0.25,1.3624068045032156,-0.0286702708625528,-0.5,-0.04622901897770698,-0.5
2023,19,Shandong Taishan,Beijing Guoan,-0.75,1.4203155197979367,0.049232302228012156,-1.0,0.11270572275421376,-1.0
2023,19,Wuhan Three Towns,Qingdao Hainiu,-1.5,1.4203155197979367,0.1088586897464903,0.79,0.1863342170365701,0.79
2023,20,Shanghai Port,Tianjin Jinmen Tiger,-1.25,1.4239563411554876,-0.037897418145767886,-0.5,0.0076824361190735175,0.49
2023,20,Qingdao Hainiu,Chengdu Rongcheng,0.5,1.422633418886168,-0.008605347389295654,0.8700000000000001,0.03481858074468459,0.8700000000000001
2023,20,Shandong Taishan,Meizhou Hakka,-1.5,1.422633418886168,-0.023213967230317493,0.8999999999999999,-0.03732396883258724,-1.0
2023,20,Beijing Guoan,Henan Songshan Longmen,-1.0,1.422633418886168,-0.017447159252666045,-1.0,0.036025854457818064,-1.0
2023,20,Changchun Yatai,Nantong Zhiyun,-0.5,1.422633418886168,0.018916833807303444,-1.0,0.0017011086330430154,-1.0
2023,20,Zhejiang Professional,Wuhan Three Towns,0.25,1.422633418886168,0.034653657888549495,0.9299999999999999,0.05835322496242113,0.9299999999999999
2023,20,Dalian Pro,Shanghai Shenhua,0.25,1.430730644528722,0.012466853987393979,0.8799999999999999,0.0566719284906062,0.8799999999999999
2023,20,Cangzhou,Shenzhen,-1.75,1.430730644528722,0.05836652591310473,0.8300000000000001,0.1254475509117092,0.8300000000000001
2023,21,Meizhou Hakka,Changchun Yatai,0.0,1.4530308912838514,0.0023427112945947157,0.8700000000000001,0.013429191217003585,0.8700000000000001
2023,21,Qingdao Hainiu,Shanghai Port,1.25,1.4530308912838514,-0.008627640715558754,-1.0,0.04499040537283207,-1.0
2023,21,Zhejiang Professional,Nantong Zhiyun,-0.75,1.4530308912838514,-0.04774624465562054,-1.0,-0.007400975553357705,0.8200000000000001
2023,21,Shandong Taishan,Chengdu Rongcheng,-0.25,1.4530308912838514,0.12755504302287093,-1.0,0.09420915380682177,-1.0
2023,21,Cangzhou,Dalian Pro,-0.5,1.4641014944550867,-0.02642921942116261,-1.0,0.02729454234282055,-1.0
2023,21,Shanghai Shenhua,Shenzhen,-2.0,1.4641014944550867,0.24296259217330862,-1.0,0.3476912689256746,-1.0
2023,21,Tianjin Jinmen Tiger,Beijing Guoan,0.0,1.4641014944550867,-0.03350165409293585,0.0,-0.02712498616975862,0.0
2023,21,Wuhan Three Towns,Henan Songshan Longmen,-1.5,1.4641014944550867,0.009265928384269578,-1.0,0.0882821922284754,-1.0
2023,22,Changchun Yatai,Chengdu Rongcheng,0.5,1.4357294413455044,0.09539178705707117,-1.0,0.07837076513773317,-1.0
2023,22,Meizhou Hakka,Qingdao Hainiu,0.0,1.4357294413455044,0.11984441953756071,0.8799999999999999,0.14578739366960858,0.8799999999999999
2023,22,Shanghai Port,Zhejiang Professional,-1.5,1.4357294413455044,0.19681881211633206,-1.0,0.20600190952174643,-1.0
2023,22,Wuhan Three Towns,Shanghai Shenhua,-1.0,1.5320716318557341,0.15690934561208972,0.78,0.251552479311462,0.78
2023,22,Henan Songshan Longmen,Tianjin Jinmen Tiger,0.0,1.5320716318557341,-0.028415260461367935,0.9199999999999999,-0.023628825654050913,0.9199999999999999
2023,22,Dalian Pro,Shenzhen,-1.75,1.5320716318557341,0.31662912984822994,0.8400000000000001,0.43977862860744577,0.8400000000000001
2023,22,Nantong Zhiyun,Beijing Guoan,0.25,1.5320716318557341,0.08522972822196043,-1.0,0.13194184193431885,-1.0
2023,22,Shandong Taishan,Cangzhou,-1.25,1.5320716318557341,-0.01811872800034126,0.8,-0.025682465606979007,-1.0
2023,23,Shandong Taishan,Tianjin Jinmen Tiger,-1.25,1.593695743429141,0.10881566990486462,0.42500000000000004,0.24517546742339583,0.42500000000000004
2023,23,Shanghai Port,Meizhou Hakka,-2.0,1.593695743429141,0.23534644496572218,-1.0,0.24746663010584896,-1.0
2023,23,Zhejiang Professional,Qingdao Hainiu,-0.5,1.593695743429141,0.07081370221368082,-1.0,0.08742895730839664,-1.0
2023,23,Beijing Guoan,Shanghai Shenhua,-0.5,1.5821403919480548,0.07564437592630006,-1.0,0.1608951717519063,-1.0
2023,23,Chengdu Rongcheng,Wuhan Three Towns,0.0,1.5821403919480548,0.2271250329016189,-1.0,0.26655390944026197,-1.0
2023,23,Dalian Pro,Henan Songshan Longmen,-0.25,1.5821403919480548,0.06252969877630835,-1.0,0.03205250522046333,-1.0
2023,23,Shenzhen,Nantong Zhiyun,0.75,1.5821403919480548,0.32669142763966424,-0.5,0.43900589437128495,-0.5
2023,23,Changchun Yatai,Cangzhou,-0.25,1.659028387872404,-0.032550585102496005,0.81,-0.03153688615933033,0.81
2023,24,Shenzhen,Shandong Taishan,2.75,1.6623651979271727,0.3689154325832225,0.8799999999999999,0.5337927465449562,0.8799999999999999
2023,24,Henan Songshan Longmen,Shanghai Port,1.25,1.6623651979271727,-0.02236580090234359,0.9299999999999999,0.043930624132502746,0.9299999999999999
2023,24,Cangzhou,Beijing Guoan,0.25,1.6980689247082343,0.05661966098308671,-1.0,0.09362638489990312,-1.0
2023,24,Qingdao Hainiu,Changchun Yatai,-0.25,1.6980689247082343,-0.007233502883113309,0.76,0.005023778917026263,0.76
2023,24,Shanghai Shenhua,Chengdu Rongcheng,0.0,1.6980689247082343,0.08045467959765805,0.0,0.07826831160467132,0.0
2023,24,Tianjin Jinmen Tiger,Meizhou Hakka,-0.5,1.6980689247082343,0.1027178584642732,-1.0,0.20182804741808846,-1.0
2023,24,Zhejiang Professional,Dalian Pro,-0.75,1.6980689247082343,0.003710601839889256,0.8600000000000001,-0.029063630757562933,0.8600000000000001
2023,24,Wuhan Three Towns,Nantong Zhiyun,-1.5,1.6840568822374402,0.2406002595363551,-1.0,0.40084801551365296,-1.0
2023,25,Shandong Taishan,Qingdao Hainiu,-1.75,1.685458431689605,0.1343484087605105,-0.5,0.2697929760535092,-0.5
2023,25,Beijing Guoan,Zhejiang Professional,-0.75,1.685458431689605,0.015398327376530897,0.8400000000000001,0.07551876401441428,0.8400000000000001
2023,25,Shanghai Port,Changchun Yatai,-1.75,1.685458431689605,0.15169849257818452,0.395,0.1683219411212942,0.395
2023,25,Wuhan Three Towns,Cangzhou,-1.75,1.685458431689605,0.10933918597352957,-0.5,0.2131984104016469,-0.5
2023,25,Meizhou Hakka,Shenzhen,-1.75,1.6952389446581222,0.06724129341276928,-1.0,0.16461047334631054,-1.0
2023,25,Henan Songshan Longmen,Shanghai Shenhua,0.0,1.6952389446581222,0.06642563682944216,-1.0,0.09611771763690548,-1.0
2023,25,Nantong Zhiyun,Chengdu Rongcheng,0.5,1.7150887207051737,-0.04462467242931906,1.04,0.01875094281350154,-1.0
2023,25,Tianjin Jinmen Tiger,Dalian Pro,-0.75,1.7150887207051737,0.23944354117502026,-0.5,0.3796362017797828,-0.5
2023,26,Changchun Yatai,Beijing Guoan,0.25,1.7351194022323184,-0.012656176752209505,-0.5,-0.03814856440373525,-0.5
2023,26,Shanghai Shenhua,Cangzhou,-1.0,1.7351194022323184,0.028864223450870072,-1.0,0.12846576638059892,-1.0
2023,26,Chengdu Rongcheng,Shanghai Port,0.25,1.70607302171402,0.10070470316709136,0.79,0.16499023029539125,0.79
2023,26,Wuhan Three Towns,Tianjin Jinmen Tiger,-1.25,1.70607302171402,0.17110185735439137,0.81,0.3091223419322353,0.81
2023,26,Dalian Pro,Shandong Taishan,1.0,1.70607302171402,0.02565898814978482,0.8,0.14012499334767248,0.8
2023,26,Meizhou Hakka,Henan Songshan Longmen,-0.5,1.70607302171402,0.007473509508069167,-1.0,-0.023692197397878284,-1.0
2023,26,Qingdao Hainiu,Nantong Zhiyun,-0.5,1.6930996030042509,-0.0438128364336126,-1.0,0.019565017622494272,-1.0
2023,26,Shenzhen,Zhejiang Professional,1.5,1.6930996030042509,0.038573128652823634,-1.0,0.13905926850633493,-1.0
2023,27,Nantong Zhiyun,Shanghai Port,1.25,1.696600741889171,0.04466625845556672,0.405,0.14673548554187754,0.405
2023,27,Cangzhou,Meizhou Hakka,-0.25,1.696600741889171,-0.015999858110112182,-1.0,-0.020701024168168797,-1.0
2023,27,Shenzhen,Changchun Yatai,1.0,1.696600741889171,0.013377785476125675,0.0,0.07771077398641035,0.0
2023,27,Tianjin Jinmen Tiger,Chengdu Rongcheng,0.25,1.696600741889171,0.006972844588410354,-0.5,-0.043487708659192714,0.405
2023,27,Shandong Taishan,Wuhan Three Towns,-0.75,1.696600741889171,-0.01853550968217703,0.5,-0.005626557184516261,-0.5
2023,27,Zhejiang Professional,Henan Songshan Longmen,-0.5,1.6800582448728338,0.0763870206375315,0.8400000000000001,0.07752443283076435,0.8400000000000001
2023,27,Beijing Guoan,Dalian Pro,-1.0,1.6800582448728338,0.024950212927684002,-1.0,0.12006403326670384,-1.0
2023,27,Shanghai Shenhua,Qingdao Hainiu,-0.75,1.6800582448728338,0.07914544465242557,-0.5,0.16356047976122842,-0.5
2023,28,Meizhou Hakka,Zhejiang Professional,0.25,1.6851067858355062,0.00783011596815326,0.48,0.028792583877750643,0.48
2023,28,Changchun Yatai,Shandong Taishan,0.75,1.65776534408559,-0.022347602584563503,0.8300000000000001,-0.041804373377749414,-1.0
2023,28,Dalian Pro,Wuhan Three Towns,0.5,1.65776534408559,-0.0145553635367191,-1.0,0.04941542460072489,-1.0
2023,28,Shanghai Port,Beijing Guoan,-1.25,1.65776534408559,-0.04551830989592158,0.8300000000000001,0.023461965881135714,0.8300000000000001
2023,28,Henan Songshan Longmen,Cangzhou,-0.5,1.695642929865368,0.17056447775418715,-1.0,0.2586369433024574,-1.0
2023,28,Nantong Zhiyun,Shanghai Shenhua,0.0,1.695642929865368,0.0635997433060357,0.75,0.09132186554208789,0.75
2023,28,Qingdao Hainiu,Tianjin Jinmen Tiger,-0.25,1.7145990204438966,0.03011092964977948,0.8400000000000001,0.08742939867160969,0.8400000000000001
2023,28,Chengdu Rongcheng,Shenzhen,-2.75,1.729797173997544,0.10246310410133919,-1.0,0.23260884218593617,-1.0
2023,29,Zhejiang Professional,Cangzhou,-1.25,1.7256677240633334,-0.04221160692800137,0.8700000000000001,-0.011668191066686507,-1.0
2023,29,Wuhan Three Towns,Shenzhen,-3.5,1.7256677240633334,0.1915360390843032,0.78,0.34607833782279507,0.78
2023,29,Tianjin Jinmen Tiger,Shanghai Shenhua,0.0,1.7256677240633334,0.0025279227542863167,0.0,0.005525361392136556,0.0
2023,29,Shanghai Port,Shandong Taishan,-0.25,1.7256677240633334,0.008541320614192197,0.43500000000000005,0.05370734688317151,0.43500000000000005
2023,29,Qingdao Hainiu,Dalian Pro,0.0,1.7256677240633334,0.148491994308904,0.0,0.19334211882942637,0.0
2023,29,Meizhou Hakka,Nantong Zhiyun,-0.75,1.7256677240633334,0.085244105685081,0.81,0.17220026017527046,0.81
2023,29,Henan Songshan Longmen,Changchun Yatai,-0.5,1.7256677240633334,-0.052346162564192014,0.77,-0.0034214793212758074,0.77
2023,29,Beijing Guoan,Chengdu Rongcheng,0.0,1.7256677240633334,0.06301768579148281,1.0499999999999998,0.06701889678229499,1.0499999999999998
2023,30,Cangzhou,Qingdao Hainiu,-0.25,1.6320373932795222,-0.040632395393798,-0.5,-0.03446583925990955,0.395
2023,30,Changchun Yatai,Wuhan Three Towns,0.25,1.6320373932795222,0.08712550021033635,0.8600000000000001,0.10178053440033823,0.8600000000000001
2023,30,Chengdu Rongcheng,Meizhou Hakka,-1.25,1.6320373932795222,0.001073956612462487,0.8500000000000001,-0.03706703062406694,0.8500000000000001
2023,30,Dalian Pro,Shanghai Port,1.0,1.6320373932795222,-0.0086963243978492,0.0,-0.022065768223012414,0.0
2023,30,Nantong Zhiyun,Tianjin Jinmen Tiger,0.0,1.6320373932795222,-0.01602545804578159,-1.0,-0.017295282829420222,-1.0
2023,30,Shandong Taishan,Henan Songshan Longmen,-1.5,1.6320373932795222,0.08747637972598658,-1.0,0.21202927522259146,-1.0
2023,30,Shanghai Shenhua,Zhejiang Professional,-0.25,1.6320373932795222,0.010594641247479834,1.02,0.04084271923343538,1.02
2024,1,Shanghai Port,Wuhan Three Towns,-0.5,1.6330553288415404,-0.00394002548461807,0.78,-0.005417163257692469,0.78
2024,1,Shandong Taishan,Changchun Yatai,-1.5,1.6330553288415404,-0.034816502847433914,0.8,-0.016545562806574952,-1.0
2024,1,Cangzhou,Beijing Guoan,0.75,1.6299668303828878,0.11682898007164923,-1.0,0.1829034156008274,-1.0
2024,1,Tianjin Jinmen Tiger,Nantong Zhiyun,-0.75,1.6299668303828878,0.15246405413114203,0.8600000000000001,0.25795482822411964,0.8600000000000001
2024,1,Chengdu Rongcheng,Qingdao Hainiu,-1.25,1.6299668303828878,-0.029844653407124246,-1.0,0.044473632007867456,-1.0
2024,1,Meizhou Hakka,Shanghai Shenhua,0.25,1.6052840142820501,-0.008057023683407638,0.8300000000000001,-0.02230471465467393,0.8300000000000001
2024,2,Qingdao Hainiu,Changchun Yatai,-0.25,1.6102260205777994,-0.006485991092438896,-1.0,-0.014456871689255748,-1.0
2024,2,Shanghai Shenhua,Qingdao West Coast,-1.5,1.6102260205777994,0.8929797549578259,-1.0,0.9516520398029121,-1.0
2024,2,Nantong Zhiyun,Wuhan Three Towns,0.75,1.6540248236899937,0.0948101767832097,-1.0,0.18028990679385448,-1.0
2024,2,Henan Songshan Longmen,Meizhou Hakka,-0.75,1.6540248236899937,0.03418546890224237,0.78,0.09928745380262613,0.78
2024,2,Shandong Taishan,Beijing Guoan,-1.0,1.6540248236899937,0.09869749894372672,0.8700000000000001,0.19759061783864798,0.8700000000000001
2024,2,Zhejiang Professional,Shanghai Port,0.0,1.6540248236899937,0.05898847877875361,0.0,0.09252712066155129,0.0
2024,2,Shenzhen Xinpengcheng,Tianjin Jinmen Tiger,0.25,1.5914552303367853,0.5050901447970557,-1.0,0.5547837726537508,-1.0
2024,2,Cangzhou,Chengdu Rongcheng,1.25,1.5914552303367853,0.16336230069032173,0.8799999999999999,0.2600569627639878,0.8799999999999999
2024,3,Shenzhen Xinpengcheng,Cangzhou,-0.25,1.6612029862376716,0.19219632871909342,-0.5,0.24063771130408365,-0.5
2024,3,Wuhan Three Towns,Beijing Guoan,0.0,1.643207792935856,0.01811382275632952,-1.0,0.044740511420528796,-1.0
2024,3,Chengdu Rongcheng,Nantong Zhiyun,-1.25,1.643207792935856,0.11062351742815935,0.44999999999999996,0.22223518773797707,0.44999999999999996
2024,3,Qingdao West Coast,Qingdao Hainiu,0.25,1.643207792935856,0.03483606691456471,-1.0,0.024024211253806205,-1.0
2024,3,Shanghai Port,Henan Songshan Longmen,-1.25,1.643207792935856,0.08132704742498786,0.8500000000000001,0.061421593364557554,0.8500000000000001
2024,3,Changchun Yatai,Tianjin Jinmen Tiger,0.25,1.6638906150197543,0.004744586894088269,-1.0,0.050438884322620406,-1.0
2024,3,Shandong Taishan,Shanghai Shenhua,0.0,1.6638906150197543,0.15664401241220385,-1.0,0.17956810320278765,-1.0
2024,3,Meizhou Hakka,Zhejiang Professional,0.25,1.6638906150197543,0.06914495736229359,0.8500000000000001,0.08891469318753943,0.8500000000000001
2024,4,Wuhan Three Towns,Cangzhou,-1.25,1.696744909323751,0.024070636726091044,0.8600000000000001,0.10470088037282108,0.8600000000000001
2024,4,Nantong Zhiyun,Meizhou Hakka,-0.25,1.7204091982181275,0.03595581362091183,1.0,0.016839513289615745,1.0
2024,4,Beijing Guoan,Shanghai Port,0.25,1.7204091982181275,-0.022795571970134758,0.41500000000000004,0.01227462604609713,0.41500000000000004
2024,4,Qingdao Hainiu,Shandong Taishan,1.0,1.7204091982181275,0.02511723934199956,0.0,0.11656561573049713,0.0
2024,4,Changchun Yatai,Shanghai Shenhua,0.5,1.7204091982181275,0.014099791631566664,0.98,-0.03313216794265998,0.98
2024,4,Henan Songshan Longmen,Shenzhen Xinpengcheng,-0.25,1.7204091982181275,-0.030204406740070727,-1.0,-0.03415257969868523,-1.0
2024,4,Tianjin Jinmen Tiger,Chengdu Rongcheng,0.0,1.7150197705557164,0.09782814370291065,0.9099999999999999,0.12005785022686744,0.9099999999999999
2024,4,Zhejiang Professional,Qingdao West Coast,-1.25,1.7150197705557164,0.2732742013651353,-1.0,0.2890133194084692,-1.0
2024,5,Nantong Zhiyun,Shanghai Port,1.0,1.7597762123542238,-0.009082965117195084,-1.0,0.06616583908539567,-1.0
2024,5,Beijing Guoan,Shenzhen Xinpengcheng,-1.0,1.7597762123542238,0.18787814438245115,1.04,0.2767584691653602,1.04
2024,5,Shandong Taishan,Henan Songshan Longmen,-1.25,1.7597762123542238,-0.031207753178805493,0.8600000000000001,0.07215132363266342,0.8600000000000001
2024,5,Shanghai Shenhua,Wuhan Three Towns,-0.5,1.7597762123542238,0.047765784611430925,-1.0,0.13608197501287542,-1.0
2024,5,Qingdao West Coast,Tianjin Jinmen Tiger,0.25,1.7614678411019922,0.11077311613935205,1.02,0.11155970396037303,1.02
2024,5,Cangzhou,Changchun Yatai,-0.25,1.7614678411019922,-0.05037177938272111,0.81,-0.04567212300289286,-1.0
2024,5,Chengdu Rongcheng,Zhejiang Professional,-0.5,1.7614678411019922,-0.02792081455548423,-1.0,0.011661040580108641,-1.0
2024,5,Meizhou Hakka,Qingdao Hainiu,-0.25,1.7614678411019922,-0.0028786408417279348,0.43999999999999995,0.030639520587487087,0.43999999999999995
2024,6,Shanghai Shenhua,Beijing Guoan,-0.25,1.7444787737892742,0.007559524959153294,-0.5,-0.020644475035463575,-0.5
2024,6,Henan Songshan Longmen,Nantong Zhiyun,-0.5,1.7444787737892742,0.06688316008780304,0.8799999999999999,0.1552938825475263,0.8799999999999999
2024,6,Shenzhen Xinpengcheng,Wuhan Three Towns,-0.25,1.695258458293608,-0.03499381886867868,0.43999999999999995,-0.013428047127715333,0.43999999999999995
2024,6,Qingdao Hainiu,Zhejiang Professional,0.25,1.695258458293608,0.021133013466275094,-1.0,0.030297088372799826,-1.0
2024,6,Shanghai Port,Shandong Taishan,-1.0,1.695258458293608,0.31683201955405754,0.0,0.4345415861631808,0.0
2024,6,Changchun Yatai,Chengdu Rongcheng,0.5,1.695258458293608,0.016384800834220035,0.79,0.013839580164496906,0.79
2024,6,Tianjin Jinmen Tiger,Meizhou Hakka,-0.5,1.695258458293608,0.0025371692520813395,-1.0,-0.01737869668383853,-1.0
2024,6,Cangzhou,Qingdao West Coast,-0.75,1.695258458293608,0.0510269810108002,0.45999999999999996,0.04780373775004063,0.45999999999999996
2024,7,Zhejiang Professional,Tianjin Jinmen Tiger,-0.25,1.6718809540232396,0.08796710643886288,0.96,0.08687928871339856,0.96
2024,7,Nantong Zhiyun,Shanghai Shenhua,1.25,1.6743234904137336,0.3402374437840961,-1.0,0.49556470206351644,-1.0
2024,7,Shandong Taishan,Cangzhou,-1.0,1.6743234904137336,0.04678190032620814,0.79,0.029328507785168743,0.79
2024,7,Chengdu Rongcheng,Shenzhen Xinpengcheng,-1.25,1.6743234904137336,0.15404946506913617,-1.0,0.2561081975529787,-1.0
2024,7,Wuhan Three Towns,Changchun Yatai,-0.5,1.6743234904137336,0.09744055537267252,-1.0,0.11691462886499382,-1.0
2024,7,Beijing Guoan,Qingdao West Coast,-1.25,1.661133928340966,0.13798828794000934,0.97,0.12904603138002727,0.97
2024,7,Henan Songshan Longmen,Qingdao Hainiu,-0.5,1.661133928340966,-0.0005923805536650927,-1.0,0.06228381460855123,-1.0
2024,8,Zhejiang Professional,Beijing Guoan,0.0,1.6625853219620441,0.04539575820771799,-1.0,0.046980071513681956,-1.0
2024,8,Shenzhen Xinpengcheng,Qingdao Hainiu,-0.25,1.6625853219620441,0.05998362695413759,-1.0,0.07885149626028519,-1.0
2024,8,Qingdao West Coast,Nantong Zhiyun,-0.25,1.6625853219620441,-0.04458775832341146,-1.0,-0.027827854452398368,0.77
2024,8,Cangzhou,Henan Songshan Longmen,0.0,1.6625853219620441,0.07832788720308784,-1.0,0.08995019552036597,-1.0
2024,8,Chengdu Rongcheng,Shandong Taishan,-0.25,1.6625853219620441,-0.02356341146505107,0.8400000000000001,0.014733033830366189,0.8400000000000001
2024,8,Changchun Yatai,Meizhou Hakka,-0.5,1.6625853219620441,-0.019288711611959043,-1.0,-0.04021994669731953,-1.0
2024,8,Wuhan Three Towns,Tianjin Jinmen Tiger,-0.25,1.6625853219620441,0.13206046727235582,1.0499999999999998,0.12148444735970156,1.0499999999999998
2024,8,Shanghai Port,Shanghai Shenhua,-0.5,1.7278095428341136,-0.009651498046182207,0.79,0.06080830216857203,0.79
2024,9,Meizhou Hakka,Qingdao West Coast,-0.25,1.7050251987786433,0.1142885387538064,-0.5,0.14210913828768423,-0.5
2024,9,Zhejiang Professional,Henan Songshan Longmen,-0.5,1.7050251987786433,0.06269291633767798,0.79,0.07624040828529138,0.79
2024,9,Tianjin Jinmen Tiger,Beijing Guoan,0.0,1.7050251987786433,0.013230709445799127,0.8200000000000001,0.03505059280983491,0.8200000000000001
2024,9,Shandong Taishan,Nantong Zhiyun,-1.5,1.7050251987786433,0.1123892105430472,-1.0,0.25638775695798055,-1.0
2024,9,Shanghai Shenhua,Cangzhou,-1.5,1.6914170402429745,0.09791186651501856,-1.0,0.2255495905607024,-1.0
2024,9,Chengdu Rongcheng,Wuhan Three Towns,-0.75,1.6914170402429745,0.06052911913350762,0.98,0.12713180969078763,0.98
2024,9,Changchun Yatai,Shenzhen Xinpengcheng,-0.25,1.6914170402429745,-0.012114397129362424,0.43999999999999995,0.0115906824617662,0.43999999999999995
2024,9,Qingdao Hainiu,Shanghai Port,1.5,1.6914170402429745,-0.004092692573322787,-1.0,0.08454474813740066,-1.0
2024,10,Henan Songshan Longmen,Tianjin Jinmen Tiger,-0.25,1.6491276665867356,0.11193670159385154,0.96,0.159614829465778,0.96
2024,10,Qingdao West Coast,Shandong Taishan,1.0,1.6491276665867356,0.12309463276022481,-1.0,0.13239199629125062,-1.0
2024,10,Shenzhen Xinpengcheng,Shanghai Port,1.5,1.6463890965511108,-0.053735478166290485,0.95,-0.01105590037239296,-1.0
2024,10,Nantong Zhiyun,Changchun Yatai,-0.25,1.6463890965511108,0.03890658326438529,0.8799999999999999,0.08494633375349908,0.8799999999999999
2024,10,Shanghai Shenhua,Zhejiang Professional,-1.0,1.6463890965511108,0.1938440612178187,-1.0,0.29127100959290975,-1.0
2024,10,Meizhou Hakka,Cangzhou,-0.25,1.6463890965511108,0.017531660593867977,-0.5,-0.0019007535686303462,-0.5
2024,10,Beijing Guoan,Chengdu Rongcheng,-0.25,1.6463890965511108,0.07015693914666014,-1.0,0.12637909019684898,-1.0
2024,10,Wuhan Three Towns,Qingdao Hainiu,-0.5,1.6463890965511108,0.0738212272087976,0.78,0.08052365828550721,0.78
2024,11,Chengdu Rongcheng,Henan Songshan Longmen,-1.25,1.6445606621629947,-0.01437966254735251,1.0299999999999998,-0.010371404944458738,-1.0
2024,11,Shanghai Port,Changchun Yatai,-1.75,1.6445606621629947,0.11968243756227452,0.8500000000000001,0.11693138803795718,0.8500000000000001
2024,11,Qingdao Hainiu,Nantong Zhiyun,-0.25,1.6445606621629947,0.0010993369972184706,-0.5,-0.04230926838421443,-0.5
2024,11,Beijing Guoan,Meizhou Hakka,-1.25,1.6191775061392046,0.076913291211548,0.5049999999999999,0.15813562530203018,0.5049999999999999
2024,11,Tianjin Jinmen Tiger,Shanghai Shenhua,0.75,1.6191775061392046,-0.27049701378783153,-1.0,-0.2547157907849145,0.020000000000000018
2024,11,Wuhan Three Towns,Shandong Taishan,0.25,1.6191775061392046,0.046517703732872125,-1.0,0.0824681694637036,-1.0
2024,11,Cangzhou,Zhejiang Professional,0.25,1.6040861795055819,0.07912484858436793,0.8500000000000001,0.09894490388242187,0.8500000000000001
2024,11,Shenzhen Xinpengcheng,Qingdao West Coast,-0.75,1.6040861795055819,0.007834611632220365,-1.0,-0.00985618553233227,-1.0
2024,12,Shanghai Shenhua,Qingdao Hainiu,-1.5,1.618571079869225,0.11227204629957435,-1.0,0.23803169164644433,-1.0
2024,12,Shandong Taishan,Shenzhen Xinpengcheng,-1.5,1.6180472678881692,0.16714260460760444,-1.0,0.1322210077378134,-1.0
2024,12,Zhejiang Professional,Nantong Zhiyun,-1.0,1.6152793169263222,-0.016605672247418136,0.9199999999999999,-0.02209370992968858,-1.0
2024,12,Cangzhou,Tianjin Jinmen Tiger,0.25,1.6152793169263222,-0.02960371839400244,0.98,-0.04444539371739415,-1.0
2024,12,Meizhou Hakka,Chengdu Rongcheng,1.0,1.6152793169263222,0.031224904924320767,-1.0,0.10153270299648033,-1.0
2024,12,Changchun Yatai,Beijing Guoan,0.5,1.6152793169263222,-0.04274359362406956,-1.0,-0.034730626974400235,0.8300000000000001
2024,12,Henan Songshan Longmen,Wuhan Three Towns,-0.25,1.6152793169263222,0.26698133665494894,1.0,0.3300944859331654,1.0
2024,12,Qingdao West Coast,Shanghai Port,2.0,1.6343159951555981,0.03581275468871783,0.0,0.006261378462660492,0.0
2024,13,Tianjin Jinmen Tiger,Shandong Taishan,0.5,1.6309062992226435,-0.012688904025501387,0.78,0.055351498085487554,0.78
2024,13,Henan Songshan Longmen,Shanghai Shenhua,0.75,1.6309062992226435,0.0005890032769216222,-0.5,0.07332382531688753,-0.5
2024,13,Nantong Zhiyun,Cangzhou,-0.5,1.6309062992226435,0.11809294236051951,0.95,0.19237732963498466,0.95
2024,13,Meizhou Hakka,Shenzhen Xinpengcheng,-0.25,1.6309062992226435,-0.00322739385846583,-0.5,-0.005487426046089115,-0.5
2024,13,Qingdao Hainiu,Beijing Guoan,0.5,1.6309062992226435,-0.022071112682015642,-1.0,-0.045365266698471005,0.77
2024,13,Zhejiang Professional,Wuhan Three Towns,-0.5,1.6309062992226435,0.06684129253619521,-1.0,0.11616357170500964,-1.0
2024,13,Qingdao West Coast,Changchun Yatai,-0.25,1.5636112821102366,0.10478480721828383,0.37,0.15720578470614505,0.37
2024,13,Shanghai Port,Chengdu Rongcheng,-1.25,1.5636112821102366,0.12370120531068073,-1.0,0.2064965445309435,-1.0
2024,14,Wuhan Three Towns,Meizhou Hakka,-1.0,1.5478297438263338,-0.027777335951718236,-1.0,-0.02587039343186852,0.98
2024,14,Shandong Taishan,Zhejiang Professional,-0.5,1.5478297438263338,0.0043129583466947384,0.8,-0.0018823806806882583,0.8
2024,14,Shenzhen Xinpengcheng,Shanghai Shenhua,1.0,1.5686561248622573,0.06750087865567664,0.0,0.1495015700519074,0.0
2024,14,Shanghai Port,Cangzhou,-2.75,1.5686561248622573,-0.005038485950185956,0.43999999999999995,-0.04607268199756742,0.43999999999999995
2024,14,Qingdao Hainiu,Tianjin Jinmen Tiger,0.0,1.5686561248622573,-0.013336777833839193,-1.0,0.005283961077008241,-1.0
2024,14,Changchun Yatai,Henan Songshan Longmen,0.0,1.5686561248622573,-0.01393361828741719,0.0,0.00842967726842867,0.0
2024,14,Beijing Guoan,Nantong Zhiyun,-1.25,1.5686561248622573,0.15061968599779266,-1.0,0.25387380784708835,-1.0
2024,14,Chengdu Rongcheng,Qingdao West Coast,-1.75,1.5686561248622573,0.1061720835473399,0.96,0.08278793122771011,0.96
2024,15,Nantong Zhiyun,Shenzhen Xinpengcheng,-0.25,1.5562941996598443,-0.044770727469744066,-1.0,-0.03100891006477215,0.8899999999999999
2024,15,Tianjin Jinmen Tiger,Shanghai Port,1.25,1.5562941996598443,0.11226100967836833,-1.0,0.1902781267355739,-1.0
2024,15,Meizhou Hakka,Shandong Taishan,1.0,1.5562941996598443,0.0018774739568147942,0.76,0.07343660120058865,0.76
2024,15,Zhejiang Professional,Changchun Yatai,-1.0,1.5513391492758897,0.01214293541179767,0.79,0.007004193456423313,0.79
2024,15,Henan Songshan Longmen,Beijing Guoan,0.25,1.5513391492758897,6.369901560085792e-08,0.98,0.020498422231529013,0.98
2024,15,Cangzhou,Qingdao Hainiu,-0.25,1.5578652193396931,0.030737933244830568,0.8999999999999999,0.06075793117995681,0.8999999999999999
2024,15,Shanghai Shenhua,Chengdu Rongcheng,-0.5,1.5578652193396931,0.07528556690576585,0.9299999999999999,0.15588755324695303,0.9299999999999999
2024,15,Qingdao West Coast,Wuhan Three Towns,0.25,1.5578652193396931,0.16837465944136384,0.76,0.20962009386209035,0.76
2024,7,Meizhou Hakka,Shanghai Port,-1.25,1.545488768504692,0.6958015850781198,0.81,0.7530585416669164,0.81
2024,16,Shenzhen Xinpengcheng,Zhejiang Professional,0.5,1.5432735689291086,-0.050329857395139656,-1.0,-0.04463145629173413,0.8799999999999999
2024,16,Wuhan Three Towns,Shanghai Port,1.5,1.5432735689291086,0.2796613352726889,-1.0,0.387142993680244,-1.0
2024,16,Nantong Zhiyun,Tianjin Jinmen Tiger,0.25,1.5432735689291086,0.007597594989869764,0.395,0.052090575602772096,0.395
2024,16,Henan Songshan Longmen,Qingdao West Coast,-1.25,1.5432735689291086,-0.003084084608001842,0.46499999999999997,0.04293024635224317,0.46499999999999997
2024,16,Shanghai Shenhua,Meizhou Hakka,-1.75,1.5353218929748784,0.27806977654121134,-1.0,0.40365936791812435,-1.0
2024,16,Changchun Yatai,Shandong Taishan,0.75,1.5353218929748784,-0.0034622372843659335,-1.0,-0.03700299667496771,-1.0
2024,16,Qingdao Hainiu,Chengdu Rongcheng,1.0,1.5353218929748784,0.04673554986934597,-1.0,0.11600084017638554,-1.0
2024,16,Beijing Guoan,Cangzhou,-1.75,1.5353218929748784,0.06949826795140822,-1.0,0.15171704786420226,-1.0
2024,17,Wuhan Three Towns,Nantong Zhiyun,-1.0,1.5203411217885745,-0.012687402734132274,0.79,0.05567665660488437,0.79
2024,17,Tianjin Jinmen Tiger,Shenzhen Xinpengcheng,-0.5,1.5203411217885745,0.04373234658669007,0.8999999999999999,0.03363539397369199,0.8999999999999999
2024,17,Shanghai Port,Zhejiang Professional,-1.75,1.5203411217885745,-0.0028391518723426303,0.46499999999999997,-0.034712458819824446,0.46499999999999997
2024,17,Meizhou Hakka,Henan Songshan Longmen,0.25,1.5375783510537835,0.03176310338474017,-1.0,0.07392981002155559,-1.0
2024,17,Qingdao West Coast,Shanghai Shenhua,1.5,1.5375783510537835,0.1159411870560144,0.99,0.20885165248312504,0.99
2024,17,Changchun Yatai,Qingdao Hainiu,-0.25,1.5375783510537835,-0.016876791846962648,0.8200000000000001,-0.01677319312345107,0.8200000000000001
2024,17,Chengdu Rongcheng,Cangzhou,-2.0,1.5375783510537835,-0.0342604325275791,-1.0,0.03321719625783837,-1.0
2024,17,Beijing Guoan,Shandong Taishan,0.0,1.5375783510537835,0.03786948463888563,-1.0,0.04345135267728147,-1.0
2024,18,Henan Songshan Longmen,Shanghai Port,1.5,1.549642399072487,0.0370484200019259,0.8300000000000001,0.11130162605549393,0.8300000000000001
2024,18,Tianjin Jinmen Tiger,Changchun Yatai,-0.75,1.5482146730893793,-0.04419253357251362,-1.0,-0.01915094867070056,0.79
2024,18,Shanghai Shenhua,Shandong Taishan,-0.75,1.5482146730893793,0.2574011906252079,-1.0,0.3596810094851366,-1.0
2024,18,Cangzhou,Shenzhen Xinpengcheng,0.25,1.5482146730893793,0.09190695998036288,0.405,0.13694844614538373,0.405
2024,18,Nantong Zhiyun,Chengdu Rongcheng,1.0,1.5244730761745653,0.13816187732552307,0.0,0.22344166503222412,0.0
2024,18,Beijing Guoan,Wuhan Three Towns,-0.75,1.5244730761745653,0.18711221485690382,0.8799999999999999,0.26136250043873543,0.8799999999999999
2024,18,Qingdao Hainiu,Qingdao West Coast,-0.75,1.5244730761745653,0.030887795809864855,0.95,0.014594709291381479,0.95
2024,18,Zhejiang Professional,Meizhou Hakka,-1.25,1.5244730761745653,-0.03624250307476615,0.81,-0.036969809269698596,-1.0
2024,19,Cangzhou,Wuhan Three Towns,0.5,1.5323253253803415,0.01994916067107087,-1.0,0.009607490798125635,-1.0
2024,19,Shanghai Port,Beijing Guoan,-1.75,1.5323253253803415,0.06793870936632043,-1.0,0.14530584285067963,-1.0
2024,19,Chengdu Rongcheng,Tianjin Jinmen Tiger,-1.25,1.5323253253803415,0.04760670092084206,0.42000000000000004,0.1251796880066495,0.42000000000000004
2024,19,Shandong Taishan,Qingdao Hainiu,-1.5,1.5166413663421208,-0.0363877594281021,0.78,0.035380489354096975,0.78
2024,19,Shenzhen Xinpengcheng,Henan Songshan Longmen,0.0,1.5166413663421208,-0.02620052969099594,0.0,-0.0237032167756708,0.0
2024,19,Shanghai Shenhua,Changchun Yatai,-1.75,1.5166413663421208,0.1024034331637471,0.8500000000000001,0.19483241280015776,0.8500000000000001
2024,19,Meizhou Hakka,Nantong Zhiyun,0.25,1.5166413663421208,0.139980549022603,0.8799999999999999,0.19125422773794018,0.8799999999999999
2024,19,Qingdao West Coast,Zhejiang Professional,1.25,1.5166413663421208,-0.011077471274830566,-1.0,-0.03749512102172654,-1.0
2024,24,Wuhan Three Towns,Chengdu Rongcheng,0.75,1.5128569550239186,0.1797876806104092,0.78,0.2574688545437576,0.78
2024,24,Qingdao West Coast,Meizhou Hakka,-0.5,1.497635945892828,0.05161133843756645,0.8999999999999999,0.09038120986839664,0.8999999999999999
2024,24,Nantong Zhiyun,Shandong Taishan,0.75,1.497635945892828,0.08926956599468797,-1.0,0.16130220089489425,-1.0
2024,24,Shenzhen Xinpengcheng,Changchun Yatai,-0.25,1.497635945892828,0.034791444989544874,-1.0,0.05958036860311151,-1.0
2024,24,Shanghai Port,Qingdao Hainiu,-2.75,1.497635945892828,-0.051834700055859634,-1.0,0.007112495408895116,-1.0
2024,24,Henan Songshan Longmen,Zhejiang Professional,0.0,1.497635945892828,0.05155183623934874,-1.0,0.060171028827349544,-1.0
2024,24,Beijing Guoan,Tianjin Jinmen Tiger,-0.75,1.497635945892828,0.0025788814834734864,-1.0,0.04760890304888165,-1.0
2024,24,Cangzhou,Shanghai Shenhua,1.75,1.494374311014522,0.3479607780835617,-1.0,0.4679945193113867,-1.0
2024,20,Shanghai Port,Nantong Zhiyun,-2.75,1.4942795117425256,0.16932031644535675,-1.0,0.27149159833003983,-1.0
2024,20,Shenzhen Xinpengcheng,Beijing Guoan,0.25,1.4942795117425256,0.03423265365789243,-1.0,0.034250548770426686,-1.0
2024,20,Tianjin Jinmen Tiger,Qingdao West Coast,-1.0,1.5013641729428122,0.10488333272240283,0.0,0.09392242786685417,0.0
2024,20,Changchun Yatai,Cangzhou,-0.75,1.5013641729428122,0.0016897976500674437,0.385,0.0001571142691992153,0.385
2024,20,Qingdao Hainiu,Meizhou Hakka,-0.5,1.498841996830007,-0.03475062379717932,-1.0,0.008337732650552645,-1.0
2024,20,Henan Songshan Longmen,Shandong Taishan,0.0,1.498841996830007,0.16895403703112932,-1.0,0.19249386888774053,-1.0
2024,20,Zhejiang Professional,Chengdu Rongcheng,0.25,1.498841996830007,-0.0303733239905046,0.8600000000000001,-0.036097198236851605,0.8600000000000001
2024,20,Wuhan Three Towns,Shanghai Shenhua,0.75,1.514286550605475,0.225440860815631,-1.0,0.31561460152808707,-1.0
2024,21,Qingdao West Coast,Cangzhou,-0.5,1.5195892418283468,-0.054244112192717533,-1.0,-0.04790821167787363,0.8799999999999999
2024,21,Zhejiang Professional,Qingdao Hainiu,-1.25,1.5063270498844892,-0.04221032043207491,-0.5,-0.029265188020950045,0.45999999999999996
2024,21,Meizhou Hakka,Tianjin Jinmen Tiger,0.0,1.5063270498844892,0.03066102598521472,-1.0,0.051077646836963,-1.0
2024,21,Shandong Taishan,Shanghai Port,0.75,1.5063270498844892,0.137733050787064,-0.5,0.20128851411596035,-0.5
2024,21,Chengdu Rongcheng,Changchun Yatai,-1.5,1.5063270498844892,-0.0013775359538919347,0.8300000000000001,-0.031753318439793565,0.8300000000000001
2024,21,Wuhan Three Towns,Shenzhen Xinpengcheng,-0.25,1.5063270498844892,0.21761150413548572,0.76,0.25111942607360577,0.76
2024,21,Nantong Zhiyun,Henan Songshan Longmen,0.5,1.51204094654589,0.28502394091938615,0.94,0.3750008066718042,0.94
2024,21,Beijing Guoan,Shanghai Shenhua,0.5,1.51204094654589,0.005177627030867565,0.8,0.06557070150042825,0.8
2024,23,Cangzhou,Shandong Taishan,1.0,1.5076218130946446,-0.0031949786724436062,0.8899999999999999,0.054557891676376404,0.8899999999999999
2024,23,Shanghai Port,Meizhou Hakka,-3.0,1.5076218130946446,-0.001137952979857304,-1.0,0.05834652994543687,-1.0
2024,23,Shenzhen Xinpengcheng,Chengdu Rongcheng,1.0,1.5076218130946446,-0.030632956210053797,0.8300000000000001,-0.02118072346825762,-1.0
2024,22,Qingdao Hainiu,Henan Songshan Longmen,0.25,1.5214870026807286,0.11700803363630245,-1.0,0.15804884668686117,-1.0
2024,22,Changchun Yatai,Wuhan Three Towns,-0.25,1.5214870026807286,0.1317268769938748,-1.0,0.18172681112586944,-1.0
2024,22,Shanghai Shenhua,Nantong Zhiyun,-2.25,1.5214870026807286,0.32394289628561646,-1.0,0.4490708592623106,-1.0
2024,22,Qingdao West Coast,Beijing Guoan,0.75,1.5339466577220138,0.024198368951471216,-1.0,0.0019216096200325228,-1.0
2024,22,Tianjin Jinmen Tiger,Zhejiang Professional,0.0,1.5339466577220138,-0.008182066649110403,0.8899999999999999,0.000982482555358328,0.8899999999999999
2024,23,Beijing Guoan,Zhejiang Professional,-0.25,1.5252296240374257,0.009661670167368068,-0.5,0.012901298561617983,-0.5
2024,23,Henan Songshan Longmen,Cangzhou,-1.25,1.5252296240374257,0.18708753155846441,1.0,0.2749761830942935,1.0
2024,23,Tianjin Jinmen Tiger,Wuhan Three Towns,-0.25,1.5252296240374257,0.07363843895944912,-1.0,0.11297383350475025,-1.0
2024,23,Nantong Zhiyun,Qingdao West Coast,0.25,1.5252296240374257,0.25589951263325295,-1.0,0.3196386131669851,-1.0
2024,23,Shandong Taishan,Chengdu Rongcheng,0.5,1.542818233952871,0.12833819104122957,0.81,0.20461450746611212,0.81
2024,23,Shanghai Shenhua,Shanghai Port,0.25,1.542818233952871,0.13782404290961972,0.8700000000000001,0.18791052595413948,0.8700000000000001
2024,23,Qingdao Hainiu,Shenzhen Xinpengcheng,-0.25,1.542818233952871,0.09196279192922359,1.06,0.08561750877643977,1.06
2024,23,Meizhou Hakka,Changchun Yatai,0.0,1.542818233952871,0.042815539005073615,0.99,0.0508333866699957,0.99
2024,25,Shanghai Port,Shenzhen Xinpengcheng,-2.75,1.5594106895054316,0.03600545783011827,-1.0,-0.004194676780849501,-1.0
2024,25,Shandong Taishan,Qingdao West Coast,-1.25,1.5594106895054316,0.18721966556266267,-1.0,0.18465420745859792,-1.0
2024,25,Zhejiang Professional,Shanghai Shenhua,0.75,1.5594106895054316,0.07233771286498651,-0.5,0.13289958991118622,-0.5
2024,25,Chengdu Rongcheng,Beijing Guoan,-1.25,1.5836902770265686,0.010925787792596495,0.79,0.08982277772331429,0.79
2024,25,Changchun Yatai,Nantong Zhiyun,-0.75,1.5836902770265686,0.06849331321378647,-0.5,0.1328223111058053,-0.5
2024,25,Cangzhou,Meizhou Hakka,0.0,1.5836902770265686,-0.04283424826885343,0.75,-0.024910530076164127,0.75
2024,25,Tianjin Jinmen Tiger,Henan Songshan Longmen,-0.25,1.5836902770265686,0.03767514655822535,0.8700000000000001,0.034605483237016614,0.8700000000000001
2024,25,Qingdao Hainiu,Wuhan Three Towns,0.0,1.5798701259541499,0.07291964860640171,0.0,0.1061528688415836,0.0
2024,26,Meizhou Hakka,Beijing Guoan,0.5,1.5654173187714153,0.04775555370746553,-1.0,0.09054912338764967,-1.0
2024,26,Henan Songshan Longmen,Chengdu Rongcheng,1.0,1.5675044997022154,0.0981686969650192,0.9199999999999999,0.17567829452804232,0.9199999999999999
2024,26,Shandong Taishan,Wuhan Three Towns,-0.5,1.5675044997022154,0.005394987236425832,0.9199999999999999,0.058110014461559646,0.9199999999999999
2024,26,Shanghai Shenhua,Tianjin Jinmen Tiger,-1.75,1.5675044997022154,0.20154509528037237,0.8,0.31817108543930356,0.8
2024,26,Changchun Yatai,Shanghai Port,2.25,1.5675044997022154,0.11740864166887048,0.81,0.20706383240390594,0.81
2024,26,Nantong Zhiyun,Qingdao Hainiu,0.0,1.5647538321900962,0.05618117660996951,0.8500000000000001,0.07690214629641703,0.8500000000000001
2024,26,Zhejiang Professional,Cangzhou,-1.25,1.5647538321900962,0.08622382306674033,-1.0,0.08653699714197974,-1.0
2024,26,Qingdao West Coast,Shenzhen Xinpengcheng,-0.25,1.5647538321900962,0.00438931689331965,-1.0,0.0238511687932003,-1.0
2024,27,Qingdao Hainiu,Shanghai Shenhua,1.5,1.5654432712666244,0.2285972917155707,0.9299999999999999,0.349567434124988,0.9299999999999999
2024,27,Beijing Guoan,Changchun Yatai,-1.0,1.5654432712666244,-0.029365323326719484,1.02,-0.013525693677361584,-1.0
2024,27,Nantong Zhiyun,Zhejiang Professional,0.75,1.5654432712666244,0.07924990300827349,0.94,0.13169130070264676,0.94
2024,27,Shenzhen Xinpengcheng,Shandong Taishan,0.25,1.5654432712666244,0.11699683038445717,0.97,0.11531990046514917,0.97
2024,27,Shanghai Port,Qingdao West Coast,-2.75,1.5654432712666244,0.18695675697802824,-1.0,0.20864217631277066,-1.0
2024,27,Chengdu Rongcheng,Meizhou Hakka,-2.25,1.5732582735828962,0.006387082517769166,0.385,0.09487484086490418,0.385
2024,27,Tianjin Jinmen Tiger,Cangzhou,-1.0,1.5732582735828962,-0.005401523930552276,0.0,-0.037316127141510114,0.0
2024,27,Wuhan Three Towns,Henan Songshan Longmen,-0.25,1.5732582735828962,0.12481398097912665,0.8700000000000001,0.12977729023240953,0.8700000000000001
2024,28,Wuhan Three Towns,Zhejiang Professional,0.0,1.5715390864200431,0.11057322392576337,-1.0,0.14707483194117893,-1.0
2024,28,Chengdu Rongcheng,Shanghai Port,0.25,1.5715390864200431,0.14661389106813782,0.8500000000000001,0.1989468664619991,0.8500000000000001
2024,28,Shanghai Shenhua,Henan Songshan Longmen,-1.75,1.5715390864200431,0.17695776029945684,0.8899999999999999,0.29448498340126356,0.8899999999999999
2024,28,Shandong Taishan,Tianjin Jinmen Tiger,-0.5,1.5715390864200431,0.06116055341063723,0.95,0.041962192689861066,0.95
2024,28,Changchun Yatai,Qingdao West Coast,-0.25,1.5822386718997712,0.17944207841377022,0.8799999999999999,0.21554835136765446,0.8799999999999999
2024,28,Beijing Guoan,Qingdao Hainiu,-1.5,1.5822386718997712,0.049831658535358356,-1.0,0.13920381423687392,-1.0
2024,28,Cangzhou,Nantong Zhiyun,-0.25,1.580742524802132,0.023915360389253074,0.43999999999999995,0.0612913069006106,0.43999999999999995
2024,28,Shenzhen Xinpengcheng,Meizhou Hakka,-0.5,1.580742524802132,-0.02791344488667989,0.8300000000000001,0.012364112923341025,0.8300000000000001
2024,29,Shanghai Shenhua,Shenzhen Xinpengcheng,-1.75,1.5526472371721767,-0.03201310649756289,0.8600000000000001,0.044672685940570944,0.8600000000000001
2024,29,Zhejiang Professional,Shandong Taishan,-0.5,1.5526472371721767,0.050502996194598505,0.8500000000000001,0.09649811658265627,0.8500000000000001
2024,29,Nantong Zhiyun,Beijing Guoan,0.5,1.5526472371721767,0.027817911443269602,-1.0,0.08348029535885647,-1.0
2024,29,Tianjin Jinmen Tiger,Qingdao Hainiu,-0.5,1.5526472371721767,0.08522420141526077,0.81,0.09606696804537229,0.81
2024,29,Henan Songshan Longmen,Changchun Yatai,-0.5,1.5526472371721767,-0.03921605121034565,0.8899999999999999,-0.011651152522096269,0.8899999999999999
2024,29,Cangzhou,Shanghai Port,2.5,1.5526472371721767,0.08046763405930973,0.8400000000000001,0.16869134345428258,0.8400000000000001
2024,29,Qingdao West Coast,Chengdu Rongcheng,1.0,1.5526472371721767,0.13260893037465776,-1.0,0.12167559142520687,-1.0
2024,29,Meizhou Hakka,Wuhan Three Towns,0.25,1.5526472371721767,0.05094840384900526,-1.0,0.03333380255929369,-1.0
2024,30,Shenzhen Xinpengcheng,Nantong Zhiyun,-0.75,1.523123305035524,0.0913261220093547,-0.5,0.16189900403461888,-0.5
2024,30,Beijing Guoan,Henan Songshan Longmen,-1.0,1.523123305035524,-0.05978579446712839,0.7,-0.004030097164128384,0.7
2024,30,Changchun Yatai,Zhejiang Professional,0.0,1.523123305035524,0.09120065288132354,0.0,0.11706904418736078,0.0
2024,30,Chengdu Rongcheng,Shanghai Shenhua,-0.25,1.523123305035524,0.0323117899944997,0.95,0.06901608779249167,0.95
2024,30,Qingdao Hainiu,Cangzhou,-0.75,1.523123305035524,-0.02667545088003452,-0.5,0.014597011472513965,-0.5
2024,30,Shandong Taishan,Meizhou Hakka,-0.75,1.523123305035524,0.11515832470364913,0.41000000000000003,0.11909756081736868,0.41000000000000003
2024,30,Shanghai Port,Tianjin Jinmen Tiger,-2.75,1.523123305035524,0.16964154189772204,-1.0,0.2679955572933272,-1.0
2024,30,Wuhan Three Towns,Qingdao West Coast,-0.75,1.523123305035524,0.13214787933012925,-1.0,0.13759710694018093,-1.0
2025,1,Shanghai Shenhua,Changchun Yatai,-1.75,1.5266273382398783,0.019102119698008197,-1.0,-0.00881461007038508,-1.0
2025,1,Chengdu Rongcheng,Wuhan Three Towns,-1.5,1.5266273382398783,0.06808653756344094,0.78,0.16608088325314146,0.78
2025,1,Tianjin Jinmen Tiger,Meizhou Hakka,-0.5,1.5241050095821331,0.26935962583340556,-1.0,0.2973046424789331,-1.0
2025,1,Qingdao Hainiu,Qingdao West Coast,-0.5,1.5241050095821331,-0.0020547636068527168,-1.0,-0.028158755990382863,-1.0
2025,1,Shandong Taishan,Henan Songshan Longmen,-0.75,1.5241050095821331,-0.029489497066163557,-1.0,-0.0349985203679552,0.81
2025,1,Shanghai Port,Shenzhen Xinpengcheng,-2.25,1.5241050095821331,0.17463070805889863,-0.5,0.1573845088191126,-0.5
2025,2,Shandong Taishan,Dalian Yingbo,-1.25,1.4902384724833233,0.41865784762167124,-1.0,0.5541460989618661,-1.0
2025,2,Shanghai Port,Changchun Yatai,-3.0,1.4902384724833233,-0.004563503988292176,-1.0,-0.03824159324820974,-1.0
2025,2,Qingdao Hainiu,Shenzhen Xinpengcheng,0.0,1.4981567272508602,0.12673281253078436,-1.0,0.1382751100049107,-1.0
2025,2,Meizhou Hakka,Henan Songshan Longmen,0.25,1.4981567272508602,0.07430718328886803,0.8700000000000001,0.11251125899424634,0.8700000000000001
2025,2,Shanghai Shenhua,Beijing Guoan,-1.25,1.4981567272508602,-0.036512369627963136,-1.0,-0.004549688139505901,0.79
2025,2,Yunnan Yukun,Zhejiang Professional,0.25,1.4981567272508602,0.47822246635842625,-0.5,0.46489371711348815,-0.5
2025,2,Chengdu Rongcheng,Tianjin Jinmen Tiger,-1.75,1.4948285083265798,-0.01400287316833185,0.79,0.04551354140501291,0.79
2025,2,Qingdao West Coast,Wuhan Three Towns,-0.25,1.5121259489706786,0.14442826572243314,-1.0,0.19627883632310572,-1.0
2025,3,Shenzhen Xinpengcheng,Yunnan Yukun,-0.25,1.5187907635763265,0.3346015728314669,-1.0,0.24155721682894213,-1.0
2025,3,Wuhan Three Towns,Zhejiang Professional,0.25,1.5187907635763265,0.13296587173584765,-1.0,0.17357309275498473,-1.0
2025,3,Qingdao West Coast,Shanghai Port,2.0,1.5187907635763265,-0.04358572824507195,-1.0,-0.027468264266319445,0.99
2025,3,Dalian Yingbo,Changchun Yatai,0.0,1.5772846231375925,0.35436708534795325,-1.0,0.2999478526060568,-1.0
2025,3,Beijing Guoan,Chengdu Rongcheng,0.25,1.5772846231375925,-0.01597627719671385,-0.5,-0.034354154959819576,-0.5
2025,3,Tianjin Jinmen Tiger,Qingdao Hainiu,-0.75,1.5772846231375925,0.11865732147827819,0.385,0.14032622640805634,0.385
2025,3,Meizhou Hakka,Shandong Taishan,0.25,1.5772846231375925,0.04564881085761041,0.8300000000000001,0.05255980666377519,0.8300000000000001
2025,3,Henan Songshan Longmen,Shanghai Shenhua,0.75,1.5772846231375925,0.06441016612998322,0.99,0.025507044810119586,0.99
2025,4,Henan Songshan Longmen,Qingdao West Coast,-0.5,1.6085379377500282,0.12405679837678052,-1.0,0.12364074241781339,-1.0
2025,4,Zhejiang Professional,Shenzhen Xinpengcheng,-0.75,1.6085379377500282,0.26993786080424287,0.97,0.30302167206927544,0.97
2025,4,Shanghai Port,Meizhou Hakka,-2.25,1.6167830313885343,0.21616950410125974,-1.0,0.22551077147697832,-1.0
2025,4,Qingdao Hainiu,Dalian Yingbo,0.25,1.6167830313885343,-0.044428173479225855,-0.5,-0.007316144124624526,0.45499999999999996
2025,4,Tianjin Jinmen Tiger,Beijing Guoan,0.0,1.6167830313885343,-0.012140987278188813,0.0,-0.01774879947025217,0.0
2025,4,Shandong Taishan,Chengdu Rongcheng,0.25,1.6167830313885343,-0.018686889321350417,-1.0,0.0006113044349121623,-1.0
2025,4,Shanghai Shenhua,Yunnan Yukun,-1.25,1.6167830313885343,0.2531672419736337,0.8200000000000001,0.26746025836530424,0.8200000000000001
2025,4,Changchun Yatai,Wuhan Three Towns,-0.25,1.6167830313885343,-0.034395216671169085,0.385,-0.0008810516027807034,0.385
2025,5,Shenzhen Xinpengcheng,Henan Songshan Longmen,0.0,1.5774388973590519,-0.0070345805375594175,-1.0,0.010093939831484872,-1.0
2025,5,Changchun Yatai,Shandong Taishan,0.75,1.5829870889306434,0.05459007165005744,-0.5,0.10589958733596391,-0.5
2025,5,Beijing Guoan,Zhejiang Professional,-0.5,1.5829870889306434,-0.02332828763762651,-1.0,-0.007242846762758315,-1.0
2025,5,Qingdao West Coast,Tianjin Jinmen Tiger,0.25,1.5829870889306434,0.0037067301206750716,-0.5,0.0017725669320258904,-0.5
2025,5,Chengdu Rongcheng,Dalian Yingbo,-1.5,1.5829870889306434,0.4469819506406478,-1.0,0.5985076739131797,-1.0
2025,5,Meizhou Hakka,Wuhan Three Towns,-0.25,1.5829870889306434,0.10083386348758659,-1.0,0.15129489144833871,-1.0
2025,5,Shanghai Port,Shanghai Shenhua,-0.25,1.5829870889306434,0.06242332104067112,0.5,0.09016952616818653,0.5
2025,5,Yunnan Yukun,Qingdao Hainiu,-0.75,1.5829870889306434,0.2589211725804321,-0.5,0.3470018440326855,-0.5
2025,6,Meizhou Hakka,Changchun Yatai,0.0,1.5738637030094633,0.06262262278587825,-1.0,0.09237534627704878,-1.0
2025,6,Shandong Taishan,Shenzhen Xinpengcheng,-1.0,1.5738637030094633,0.09595081419707623,1.0299999999999998,0.06128917453129592,1.0299999999999998
2025,6,Dalian Yingbo,Tianjin Jinmen Tiger,0.0,1.578530277284935,0.18414198184117947,0.0,0.2093541673362938,0.0
2025,6,Qingdao Hainiu,Chengdu Rongcheng,1.25,1.578530277284935,-0.001188846004982458,-0.5,-0.033408478498057365,0.45499999999999996
2025,6,Wuhan Three Towns,Yunnan Yukun,-0.25,1.578530277284935,0.3498774486657039,1.0699999999999998,0.3757792689065653,1.0699999999999998
2025,6,Shanghai Shenhua,Zhejiang Professional,-1.0,1.578530277284935,0.18068891385234567,0.0,0.19747522030718084,0.0
2025,7,Wuhan Three Towns,Beijing Guoan,0.5,1.5634836711422126,0.06814870354720431,0.8700000000000001,0.12666618646279346,0.8700000000000001
2025,7,Shenzhen Xinpengcheng,Changchun Yatai,-0.25,1.5634836711422126,0.019308275364225223,-1.0,0.03794656545847521,-1.0
2025,7,Qingdao West Coast,Shandong Taishan,0.5,1.5634836711422126,0.07297909548325791,1.0299999999999998,0.061077884690607376,1.0299999999999998
2025,7,Shanghai Shenhua,Qingdao Hainiu,-2.25,1.5545006434961877,-0.02518405425450161,-1.0,-0.0009358788734475777,0.8500000000000001
2025,7,Dalian Yingbo,Henan Songshan Longmen,0.0,1.5545006434961877,0.22088936293694458,0.81,0.2503674156024306,0.81
2025,7,Zhejiang Professional,Meizhou Hakka,-1.0,1.5545006434961877,0.23761429426425162,-1.0,0.2504158566895614,-1.0
2025,7,Chengdu Rongcheng,Yunnan Yukun,-1.5,1.5545006434961877,0.2935311415553249,-1.0,0.30352601400800533,-1.0
2025,7,Tianjin Jinmen Tiger,Shanghai Port,0.75,1.5545006434961877,0.0027839550118339148,0.8300000000000001,0.0015131917996567452,0.8300000000000001
2025,8,Beijing Guoan,Shandong Taishan,-0.25,1.5490307960672984,-0.011551448862578232,0.8899999999999999,-0.016298146730580113,0.8899999999999999
2025,8,Shanghai Shenhua,Wuhan Three Towns,-1.75,1.5490307960672984,0.06457613893543325,-0.5,0.15626121941473095,-0.5
2025,8,Qingdao West Coast,Dalian Yingbo,-0.25,1.549440254236056,0.1643221825312966,-1.0,0.2246078845419737,-1.0
2025,8,Shanghai Port,Chengdu Rongcheng,-0.5,1.549440254236056,-0.0002607667994008987,0.79,0.04429807494566996,0.79
2025,8,Henan Songshan Longmen,Qingdao Hainiu,-0.75,1.549440254236056,-0.03511338889664594,-1.0,-0.00458818683379347,-1.0
2025,8,Changchun Yatai,Yunnan Yukun,-0.25,1.549440254236056,0.235977360056836,-0.5,0.25862618317712766,-0.5
2025,8,Meizhou Hakka,Shenzhen Xinpengcheng,-0.25,1.549440254236056,0.06605167332949755,0.95,0.06290301868103051,0.95
2025,8,Tianjin Jinmen Tiger,Zhejiang Professional,-0.25,1.549440254236056,-0.035751225775902715,-1.0,-0.020556667776123135,-1.0
2025,9,Beijing Guoan,Henan Songshan Longmen,-0.75,1.5556769251451812,0.028439634138447096,0.41500000000000004,0.023273423479502002,0.41500000000000004
2025,9,Yunnan Yukun,Shanghai Port,0.75,1.5556769251451812,0.3670411978221514,0.44499999999999995,0.4128282312328115,0.44499999999999995
2025,9,Shandong Taishan,Shanghai Shenhua,0.25,1.5532356683865824,0.10555263646835218,0.8799999999999999,0.1132393592791494,0.8799999999999999
2025,9,Changchun Yatai,Chengdu Rongcheng,1.0,1.5532356683865824,0.1346129080662336,0.0,0.12497297906127375,0.0
2025,9,Shenzhen Xinpengcheng,Dalian Yingbo,0.0,1.5532356683865824,0.061544697207772385,0.0,0.0600474774556447,0.0
2025,9,Qingdao Hainiu,Meizhou Hakka,-0.25,1.5403764703526086,0.013427105268236372,0.375,0.05336975564861679,0.375
2025,9,Zhejiang Professional,Qingdao West Coast,-0.75,1.5403764703526086,0.21060440850484707,0.41000000000000003,0.2506894171727769,0.41000000000000003
2025,9,Wuhan Three Towns,Tianjin Jinmen Tiger,0.0,1.5403764703526086,0.01636411681006741,0.8400000000000001,0.0338570621425132,0.8400000000000001
2025,10,Shanghai Port,Beijing Guoan,-0.75,1.5299359040048368,0.15291789124468014,-1.0,0.1829187943612709,-1.0
2025,10,Zhejiang Professional,Changchun Yatai,-0.75,1.5299359040048368,0.12641687560256473,0.8,0.15094483070327233,0.8
2025,10,Henan Songshan Longmen,Wuhan Three Towns,-0.5,1.5299359040048368,0.11947422534666831,0.95,0.1812470755607773,0.95
2025,10,Shenzhen Xinpengcheng,Tianjin Jinmen Tiger,0.0,1.5299359040048368,0.1381155790118851,-1.0,0.1564636687759519,-1.0
2025,10,Dalian Yingbo,Yunnan Yukun,-0.5,1.5299359040048368,-0.03887660585374477,-1.0,0.0405652143926841,-1.0
2025,10,Shandong Taishan,Qingdao Hainiu,-1.75,1.5299359040048368,0.09496185370309299,0.8799999999999999,0.177166125126861,0.8799999999999999
2025,10,Qingdao West Coast,Meizhou Hakka,-0.5,1.5492471561882364,0.117983566665798,-1.0,0.16274223252428702,-1.0
2025,10,Chengdu Rongcheng,Shanghai Shenhua,-0.25,1.5492471561882364,-0.021521456696543328,-1.0,0.016485370865109268,-1.0
2025,11,Dalian Yingbo,Beijing Guoan,0.0,1.5549640840943326,-0.015074321939970553,0.77,0.003657541964266901,0.77
2025,11,Wuhan Three Towns,Shanghai Port,0.75,1.5549640840943326,0.0730358222045249,0.95,0.06228367752826487,0.95
2025,11,Henan Songshan Longmen,Tianjin Jinmen Tiger,-0.25,1.5549640840943326,0.02894270728949723,1.04,0.0465079481946951,1.04
2025,11,Chengdu Rongcheng,Zhejiang Professional,-1.25,1.5549640840943326,0.16875847941576982,-0.5,0.1601535590089624,-0.5
2025,11,Qingdao Hainiu,Changchun Yatai,0.0,1.5549640840943326,0.06052341726386485,1.06,0.06409786921064735,1.06
2025,11,Yunnan Yukun,Shandong Taishan,0.25,1.5549640840943326,-0.015556322003377084,-1.0,-0.018615220553906842,-1.0
2025,11,Qingdao West Coast,Shenzhen Xinpengcheng,-0.5,1.5702954417145072,-0.04735589312818024,0.94,-0.02310273247064622,0.94
2025,11,Meizhou Hakka,Shanghai Shenhua,1.25,1.5702954417145072,-0.039231505936799846,0.9099999999999999,0.011940145435434061,-1.0
2025,12,Shanghai Port,Qingdao Hainiu,-2.0,1.5590510646391198,0.22921500554753835,0.0,0.23559926285859248,0.0
2025,12,Shanghai Shenhua,Qingdao West Coast,-1.75,1.5571682837117025,0.1856090869017137,0.8799999999999999,0.1823931358359153,0.8799999999999999
2025,12,Shandong Taishan,Zhejiang Professional,0.75,1.5571682837117025,0.3521895426875862,0.8200000000000001,0.43911252127367745,0.8200000000000001
2025,12,Beijing Guoan,Shenzhen Xinpengcheng,-1.5,1.5571682837117025,0.04456165448998074,1.0099999999999998,-0.008131265190670759,1.0099999999999998
2025,12,Meizhou Hakka,Chengdu Rongcheng,1.25,1.5571682837117025,0.020048934992601495,0.98,-0.030853818841434923,0.98
2025,12,Tianjin Jinmen Tiger,Yunnan Yukun,-0.5,1.5535523857510276,0.05788938213464688,-1.0,0.056420679749473596,-1.0
2025,12,Changchun Yatai,Henan Songshan Longmen,0.25,1.5535523857510276,0.033919969341605925,-1.0,0.06650221000658847,-1.0
2025,12,Wuhan Three Towns,Dalian Yingbo,0.0,1.5535523857510276,0.06085833173309865,0.0,0.0864743750180596,0.0
2025,13,Zhejiang Professional,Henan Songshan Longmen,-0.5,1.5522709417867484,0.08714879857116019,-1.0,0.07682515769332214,-1.0
2025,13,Yunnan Yukun,Meizhou Hakka,-0.5,1.5522709417867484,-0.04561959110085544,0.8300000000000001,-0.04188837802207663,-1.0
2025,13,Shanghai Port,Shandong Taishan,-0.5,1.5431505319757728,0.3536516853956128,-1.0,0.4143860353731971,-1.0
2025,13,Qingdao Hainiu,Beijing Guoan,1.0,1.5431505319757728,-0.040928439657582166,-1.0,0.0029721658787270665,0.76
2025,13,Dalian Yingbo,Shanghai Shenhua,0.75,1.5431505319757728,-0.0361558898936361,0.8799999999999999,0.013633607363563654,-1.0
2025,13,Changchun Yatai,Tianjin Jinmen Tiger,0.25,1.5431505319757728,0.02068247903118472,-1.0,0.04384190528309422,-1.0
2025,13,Chengdu Rongcheng,Qingdao West Coast,-2.0,1.5431505319757728,0.14248167450711444,-1.0,0.1292926810990211,-1.0
2025,14,Dalian Yingbo,Meizhou Hakka,-0.75,1.534346720636565,0.227983346399713,-0.5,0.3046602819075919,-0.5
2025,14,Wuhan Three Towns,Qingdao Hainiu,-0.75,1.534346720636565,-0.03258873821479849,-1.0,0.015300215482336628,-1.0
2025,14,Beijing Guoan,Changchun Yatai,-2.25,1.5373679156041316,0.08550624968360586,0.8200000000000001,0.1697134277852661,0.8200000000000001
2025,14,Zhejiang Professional,Shanghai Port,0.25,1.5373679156041316,0.17670637788947727,-0.5,0.2150962984523405,-0.5
2025,14,Henan Songshan Longmen,Chengdu Rongcheng,0.75,1.5373679156041316,0.05093105179066319,-1.0,0.027922926356187358,-1.0
2025,14,Qingdao West Coast,Yunnan Yukun,-0.25,1.5373679156041316,0.08838398270811759,0.45499999999999996,0.12353872659792967,0.45499999999999996
2025,14,Shenzhen Xinpengcheng,Shanghai Shenhua,1.25,1.5373679156041316,0.09722336561875962,-1.0,0.038299580650803876,-1.0
2025,14,Tianjin Jinmen Tiger,Shandong Taishan,0.5,1.5373679156041316,0.16795673504596625,0.97,0.22329144927851122,0.97
2025,6,Beijing Guoan,Qingdao West Coast,-1.0,1.5526879408573178,0.16563977473431452,0.0,0.18274664196727747,0.0
2025,13,Shenzhen Xinpengcheng,Wuhan Three Towns,0.0,1.5511100529050275,0.045709405636031146,0.8600000000000001,0.06409364236427585,0.8600000000000001
2025,6,Henan Songshan Longmen,Shanghai Port,1.0,1.5511100529050275,0.027419937699997367,-1.0,0.06502490103030516,-1.0
2025,15,Shandong Taishan,Wuhan Three Towns,-1.25,1.5536139438214864,0.1467877028308299,-1.0,0.23493248094674488,-1.0
2025,15,Changchun Yatai,Qingdao West Coast,0.25,1.5536139438214864,0.15951633393266731,0.8700000000000001,0.21037130032557938,0.8700000000000001
2025,15,Meizhou Hakka,Beijing Guoan,1.0,1.5536139438214864,0.028591726377132795,-1.0,0.08441842955222686,-1.0
2025,15,Chengdu Rongcheng,Shenzhen Xinpengcheng,-1.75,1.5536139438214864,0.05174028497815837,0.77,0.028318741750753867,0.77
2025,15,Shanghai Shenhua,Tianjin Jinmen Tiger,-1.75,1.5536139438214864,0.008915272967245765,0.96,-0.04644835222168697,0.96
2025,15,Qingdao Hainiu,Zhejiang Professional,0.25,1.5536139438214864,0.036274360383872835,0.8200000000000001,0.046786323015256565,0.8200000000000001
2025,15,Shanghai Port,Dalian Yingbo,-1.25,1.5534492337306964,0.1348084716254014,0.8300000000000001,0.13204895343686254,0.8300000000000001
2025,15,Yunnan Yukun,Henan Songshan Longmen,-0.25,1.5534492337306964,-0.02693407442853248,-1.0,-0.00036787765676015273,-1.0
2025,16,Changchun Yatai,Shanghai Shenhua,1.5,1.554497434420864,-0.03342396232599209,0.9299999999999999,0.03313756645362634,0.9299999999999999
2025,16,Qingdao West Coast,Qingdao Hainiu,0.75,1.554497434420864,0.40767371044049683,0.78,0.49772132950953574,0.78
2025,16,Meizhou Hakka,Tianjin Jinmen Tiger,0.0,1.554497434420864,0.0030926374108455443,0.8600000000000001,0.017302606973888496,0.8600000000000001
2025,16,Wuhan Three Towns,Chengdu Rongcheng,1.0,1.554497434420864,-0.014664332372754253,-1.0,-0.011938843493444928,0.8400000000000001
2025,16,Shenzhen Xinpengcheng,Shanghai Port,1.0,1.5483055043824183,0.2238281515142799,0.0,0.24189752516582594,0.0
2025,16,Henan Songshan Longmen,Shandong Taishan,0.25,1.5483055043824183,0.01669552307285681,0.39,0.0528111549342962,0.39
2025,16,Dalian Yingbo,Zhejiang Professional,0.0,1.5483055043824183,0.077771601467093,-1.0,0.09101796469838119,-1.0
2025,16,Beijing Guoan,Yunnan Yukun,-1.25,1.5483055043824183,0.0674648490053088,0.49,0.13171985714949713,0.49
2025,17,Changchun Yatai,Shanghai Port,1.25,1.5406050424483253,0.11707202801983753,0.9299999999999999,0.11096982933062584,0.9299999999999999
2025,17,Wuhan Three Towns,Qingdao West Coast,-0.25,1.5406050424483253,0.12615698101421965,-0.5,0.14878235357683697,-0.5
2025,17,Zhejiang Professional,Yunnan Yukun,-0.25,1.5406050424483253,0.11861022577529,0.81,0.1454373868316819,0.81
2025,17,Tianjin Jinmen Tiger,Chengdu Rongcheng,1.0,1.5406050424483253,-0.03461088758382024,0.95,0.005194785956872328,0.95
2025,17,Henan Songshan Longmen,Meizhou Hakka,-1.25,1.541025634862817,0.07369150210326439,0.8500000000000001,0.1475780058717609,0.8500000000000001
2025,17,Beijing Guoan,Shanghai Shenhua,0.0,1.541025634862817,0.15135564387565792,0.8899999999999999,0.18001029781617592,0.8899999999999999
2025,17,Shenzhen Xinpengcheng,Qingdao Hainiu,-0.5,1.541025634862817,0.0650776967727579,-1.0,0.12493967018704255,-1.0
2025,17,Dalian Yingbo,Shandong Taishan,0.25,1.541025634862817,0.03375859714526875,0.97,0.063138889596534,0.97
2025,18,Shanghai Port,Qingdao West Coast,-1.5,1.542133041485734,0.36774833786801203,-1.0,0.41187977962182026,-1.0
2025,18,Chengdu Rongcheng,Beijing Guoan,-0.75,1.542133041485734,0.13517007413425206,1.0099999999999998,0.12444902776307659,1.0099999999999998
2025,18,Yunnan Yukun,Shenzhen Xinpengcheng,-0.75,1.542133041485734,0.003897733757705468,-1.0,0.0558608718534024,-1.0
2025,18,Shandong Taishan,Meizhou Hakka,-1.75,1.5444148996107812,0.14297492381507207,-1.0,0.22362428380228658,-1.0
2025,18,Changchun Yatai,Dalian Yingbo,0.25,1.5444148996107812,0.07223427024314204,-1.0,0.11835643112581677,-1.0
2025,18,Zhejiang Professional,Wuhan Three Towns,-0.75,1.5444148996107812,-0.04134309488997402,0.43999999999999995,-0.019096261627841813,-0.5
2025,18,Qingdao Hainiu,Tianjin Jinmen Tiger,0.25,1.5444148996107812,-0.03562888306728942,-1.0,-0.04447731934079127,-1.0
2025,18,Shanghai Shenhua,Henan Songshan Longmen,-1.25,1.5444148996107812,0.057590964456833586,-0.5,0.02453938990816001,-0.5
2025,19,Chengdu Rongcheng,Shandong Taishan,-1.0,1.5519569436719918,0.10449146698112811,0.0,0.10492836519871968,0.0
2025,19,Meizhou Hakka,Shanghai Port,1.25,1.5519569436719918,0.03967138036251911,0.8500000000000001,0.026848021454925184,0.8500000000000001
2025,19,Yunnan Yukun,Shanghai Shenhua,1.0,1.5519569436719918,-0.036297827303493645,-1.0,0.016375620687405463,0.8400000000000001
2025,19,Qingdao West Coast,Henan Songshan Longmen,0.25,1.5519569436719918,-0.011428195449817024,0.8600000000000001,0.014509958476064328,0.8600000000000001
2025,19,Shenzhen Xinpengcheng,Zhejiang Professional,0.25,1.545194310211268,0.0638408853882318,0.95,0.06589332883708862,0.95
2025,19,Beijing Guoan,Tianjin Jinmen Tiger,-1.25,1.545194310211268,0.011995826630504993,0.95,0.06326472689928639,0.95
2025,19,Dalian Yingbo,Qingdao Hainiu,-0.75,1.545194310211268,-0.013705815900642227,-1.0,0.05137541182087679,-1.0
2025,19,Wuhan Three Towns,Changchun Yatai,-0.75,1.545194310211268,-0.01656908886037895,1.0,0.01521200739925255,1.0
2025,20,Dalian Yingbo,Chengdu Rongcheng,1.0,1.5319148983961746,0.18028956186610337,-1.0,0.2692001129898935,-1.0
2025,20,Henan Songshan Longmen,Shenzhen Xinpengcheng,-1.0,1.5319148983961746,-0.026808814881381583,-1.0,0.01811664062446738,-1.0
2025,20,Shandong Taishan,Changchun Yatai,-1.75,1.532603391436496,0.06711773952770902,0.8600000000000001,0.14084353561514434,0.8600000000000001
2025,20,Qingdao Hainiu,Yunnan Yukun,0.0,1.532603391436496,0.02057831988962546,-1.0,0.042669246555723545,-1.0
2025,20,Shanghai Shenhua,Shanghai Port,-0.75,1.532603391436496,-0.025790537992068936,-1.0,-0.03547953199741009,0.8799999999999999
2025,20,Zhejiang Professional,Beijing Guoan,0.0,1.5440121936562319,0.02861312645999217,-1.0,0.02863742583651275,-1.0
2025,20,Tianjin Jinmen Tiger,Qingdao West Coast,-0.25,1.5440121936562319,0.15073501444076665,-0.5,0.17732860075545454,-0.5
2025,20,Wuhan Three Towns,Meizhou Hakka,-0.75,1.5440121936562319,-0.021762712171860373,-1.0,-0.030556958161605207,0.8300000000000001
2025,21,Shanghai Port,Henan Songshan Longmen,-1.0,1.5468250906906553,0.2507445576531539,0.9299999999999999,0.2766916422478894,0.9299999999999999
2025,21,Yunnan Yukun,Wuhan Three Towns,-0.25,1.5468250906906553,-0.04182435624268347,0.8799999999999999,-0.025912849135126776,-1.0
2025,21,Shenzhen Xinpengcheng,Shandong Taishan,0.75,1.547053011184626,0.05442793846613798,-1.0,0.10099018126963774,-1.0
2025,21,Tianjin Jinmen Tiger,Dalian Yingbo,0.0,1.547053011184626,0.013247207222643706,0.77,0.0348569349173446,0.77
2025,21,Chengdu Rongcheng,Qingdao Hainiu,-2.5,1.547053011184626,0.035555280271235605,0.97,0.1186516771957317,0.97
2025,21,Changchun Yatai,Meizhou Hakka,0.0,1.547053011184626,0.117886574758161,0.8700000000000001,0.14742138099733287,0.8700000000000001
2025,21,Qingdao West Coast,Beijing Guoan,0.75,1.547053011184626,-0.017153526435885788,-1.0,0.02171462487901571,-1.0
2025,21,Zhejiang Professional,Shanghai Shenhua,0.5,1.547053011184626,0.06694721777210157,-1.0,0.06981188273011989,-1.0
2025,23,Zhejiang Professional,Tianjin Jinmen Tiger,-0.75,1.5452728278676773,-0.02003979319166997,0.96,-0.04344323923913575,0.96
2025,22,Yunnan Yukun,Chengdu Rongcheng,1.0,1.5452337742063855,0.013982037697471124,0.98,-0.023872080217060176,0.98
2025,22,Qingdao Hainiu,Shanghai Shenhua,1.5,1.5452337742063855,0.04217809685438031,-1.0,0.12774566512142976,-1.0
2025,22,Shandong Taishan,Qingdao West Coast,-1.0,1.5438576177095178,0.029059239739982062,0.0,0.019625048615973896,0.0
2025,22,Changchun Yatai,Shenzhen Xinpengcheng,0.0,1.5438576177095178,0.1076275471807867,0.76,0.14418702202102662,0.76
2025,22,Henan Songshan Longmen,Dalian Yingbo,-0.5,1.5438576177095178,0.11384373406142966,-1.0,0.18098117171229233,-1.0
2025,22,Meizhou Hakka,Zhejiang Professional,0.25,1.5438576177095178,-0.030856545651447947,-0.5,-0.028501458687873554,-0.5
2025,22,Shanghai Port,Tianjin Jinmen Tiger,-1.25,1.5438576177095178,0.22672437766691814,-1.0,0.2430820020589488,-1.0
2025,22,Beijing Guoan,Wuhan Three Towns,-1.5,1.5342813948112877,0.1745589802692151,-1.0,0.2683905021115831,-1.0
2025,23,Qingdao Hainiu,Henan Songshan Longmen,0.5,1.5337015657252542,0.029404727688397518,0.81,0.0786108284825488,0.81
2025,23,Chengdu Rongcheng,Shanghai Port,-0.75,1.5243252403207481,0.021910518746833106,0.99,0.0003990230714099038,0.99
2025,23,Yunnan Yukun,Changchun Yatai,-1.0,1.5243252403207481,-0.017424153789957084,0.79,0.03118794579200007,0.79
2025,23,Shandong Taishan,Beijing Guoan,0.0,1.5163580614685641,-0.012513810142711978,0.8300000000000001,0.0011973799018484294,0.8300000000000001
2025,23,Shenzhen Xinpengcheng,Meizhou Hakka,-0.5,1.5163580614685641,0.093058457898294,-1.0,0.14918960981545473,-1.0
2025,23,Wuhan Three Towns,Shanghai Shenhua,1.25,1.5163580614685641,0.10152034672191862,0.8899999999999999,0.18525599339065946,0.8899999999999999
2025,24,Shanghai Port,Yunnan Yukun,-1.75,1.5319633187068193,0.18285753654486678,0.485,0.18641233232156443,0.485
2025,24,Chengdu Rongcheng,Changchun Yatai,-2.25,1.5319633187068193,-0.0242748905149638,-1.0,-0.019865378418112874,0.96
2025,24,Henan Songshan Longmen,Beijing Guoan,0.25,1.5319633187068193,0.06445246984208458,0.8799999999999999,0.09826591435810901,0.8799999999999999
2025,24,Shanghai Shenhua,Shandong Taishan,-0.75,1.5319633187068193,0.15060958314569764,-1.0,0.1657262342760985,-1.0
2025,24,Qingdao West Coast,Zhejiang Professional,0.0,1.5256199472349292,-0.0027198711071642636,0.77,0.01854200811432756,0.77
2025,24,Dalian Yingbo,Shenzhen Xinpengcheng,-0.5,1.5271481239133202,-0.01691353531897906,0.8799999999999999,-0.037490461392467,-1.0
2025,24,Tianjin Jinmen Tiger,Wuhan Three Towns,-0.5,1.5271481239133202,0.016061564282807392,-1.0,0.050334309392043426,-1.0
2025,25,Wuhan Three Towns,Henan Songshan Longmen,0.25,1.529441886683073,0.14966830335713702,-1.0,0.18795120697517154,-1.0
2025,25,Yunnan Yukun,Dalian Yingbo,-0.25,1.529441886683073,-0.043276617910667184,0.38,-0.009390384490310483,0.38
2025,25,Changchun Yatai,Zhejiang Professional,0.5,1.52315109421329,0.026354255939999172,0.99,0.055453034084082656,0.99
2025,25,Meizhou Hakka,Qingdao West Coast,0.0,1.52315109421329,0.11862889634672673,-1.0,0.1348920554893526,-1.0
2025,25,Qingdao Hainiu,Shandong Taishan,1.0,1.52315109421329,0.1263147303106914,0.79,0.19684932495382695,0.79
2025,25,Beijing Guoan,Shanghai Port,-0.25,1.510417460266671,0.03786024118801873,0.78,0.07222912153796439,0.78
2025,25,Shanghai Shenhua,Chengdu Rongcheng,-0.25,1.510417460266671,-0.010689385264546561,0.44499999999999995,0.018052376141469244,0.44499999999999995
2025,25,Tianjin Jinmen Tiger,Shenzhen Xinpengcheng,-0.75,1.510417460266671,0.12659931004381744,0.5,0.11430000075944986,0.5
2025,26,Zhejiang Professional,Chengdu Rongcheng,0.5,1.5024011530090977,0.10132317805668775,-1.0,0.10128776568138806,-1.0
2025,26,Shanghai Shenhua,Meizhou Hakka,-2.25,1.5024011530090977,-0.04676534210331037,0.9299999999999999,0.014987167554546063,-1.0
2025,26,Beijing Guoan,Dalian Yingbo,-1.0,1.5024011530090977,0.15441059002016408,-1.0,0.22697902518641422,-1.0
2025,26,Shanghai Port,Wuhan Three Towns,-1.75,1.5024011530090977,0.05039092922130839,-1.0,0.04376156960946006,-1.0
2025,26,Changchun Yatai,Qingdao Hainiu,0.0,1.4924073293938909,0.168876731155025,0.0,0.18525397037296962,0.0
2025,26,Tianjin Jinmen Tiger,Henan Songshan Longmen,0.25,1.4836383963068311,0.14237824034222737,0.8899999999999999,0.18440604784813683,0.8899999999999999
2025,26,Shenzhen Xinpengcheng,Qingdao West Coast,0.0,1.4836383963068311,-0.02027209154146567,1.06,-0.02783812970460088,1.06
2025,23,Dalian Yingbo,Qingdao West Coast,-0.25,1.4892555823933546,0.09492826329214575,-1.0,0.09373375586024212,-1.0
2025,27,Qingdao West Coast,Shanghai Shenhua,1.0,1.497290217227059,-0.037118554365368726,0.0,0.005914100882571628,0.0
2025,27,Qingdao Hainiu,Shanghai Port,1.0,1.497290217227059,0.09743338983374371,0.0,0.08519876531130821,0.0
2025,27,Chengdu Rongcheng,Meizhou Hakka,-2.25,1.497290217227059,0.10011827601272429,-0.5,0.0613665535942711,-0.5
2025,27,Zhejiang Professional,Shandong Taishan,0.0,1.4945913056588767,0.052904631638191126,0.0,0.07680772803625514,0.0
2025,27,Shenzhen Xinpengcheng,Beijing Guoan,0.75,1.4945913056588767,-0.010695922422625704,1.0,0.017721144831552932,1.0
2025,27,Yunnan Yukun,Tianjin Jinmen Tiger,-0.25,1.4945913056588767,-0.040826318201940125,-1.0,-0.01857307522807436,-1.0
2025,27,Dalian Yingbo,Wuhan Three Towns,-0.5,1.496055161572538,0.09014551357364169,1.0,0.15012630974902633,1.0
2025,27,Henan Songshan Longmen,Changchun Yatai,-1.5,1.496055161572538,0.0533610401925326,-1.0,0.12117839089599841,-1.0
2025,28,Wuhan Three Towns,Shenzhen Xinpengcheng,-0.25,1.486357849157341,0.13717486400951484,-1.0,0.15271647930967971,-1.0
2025,28,Meizhou Hakka,Yunnan Yukun,0.0,1.486357849157341,-0.003921796831097021,-1.0,0.00680598287057551,-1.0
2025,28,Tianjin Jinmen Tiger,Changchun Yatai,-0.75,1.4981955562080804,-0.028052175171576606,-1.0,-0.03398623903890973,0.95
2025,28,Henan Songshan Longmen,Zhejiang Professional,-0.5,1.4981955562080804,0.024456174783770525,-1.0,0.02646281270738085,-1.0
2025,28,Shandong Taishan,Shanghai Port,0.0,1.4836252829789276,-0.0360426506636281,0.97,-0.03397040588761818,-1.0
2025,28,Qingdao West Coast,Chengdu Rongcheng,1.0,1.4836252829789276,-0.014590850157145643,-1.0,-0.02249959549411556,0.9299999999999999
2025,28,Shanghai Shenhua,Dalian Yingbo,-1.75,1.4836252829789276,0.18014981619572984,0.8799999999999999,0.2802507317751415,0.8799999999999999
2025,28,Beijing Guoan,Qingdao Hainiu,-1.5,1.4836252829789276,-0.02169477563689526,0.9299999999999999,0.024459837761412674,0.9299999999999999
2025,29,Chengdu Rongcheng,Henan Songshan Longmen,-1.25,1.4858368159900757,0.012574334091254344,-1.0,-0.012363792523652214,-1.0
2025,29,Shanghai Port,Zhejiang Professional,-1.5,1.4858368159900757,0.09333419506498727,0.8999999999999999,0.09501495414200338,0.8999999999999999
2025,29,Shanghai Shenhua,Shenzhen Xinpengcheng,-2.0,1.4858368159900757,0.027236839304567252,-1.0,-0.003225643980745967,-1.0
2025,29,Shandong Taishan,Tianjin Jinmen Tiger,-1.25,1.495968664203093,0.05223869090108884,0.395,0.11710404257406558,0.395
2025,29,Meizhou Hakka,Dalian Yingbo,-0.5,1.495968664203093,0.30758233882605657,0.9099999999999999,0.3946099103845846,0.9099999999999999
2025,29,Changchun Yatai,Beijing Guoan,1.0,1.495968664203093,0.16418688702521356,-1.0,0.22502225685360958,-1.0
2025,29,Yunnan Yukun,Qingdao West Coast,-0.25,1.4873915504711426,-0.002515246845769673,0.79,0.0028024902289253213,0.79
2025,29,Qingdao Hainiu,Wuhan Three Towns,-0.75,1.4873915504711426,0.09705856152143522,-0.5,0.1552446134779342,-0.5
2025,30,Shenzhen Xinpengcheng,Chengdu Rongcheng,1.25,1.4897005951203948,-0.02184155504730225,-1.0,-0.021207804245208375,0.9299999999999999
2025,30,Wuhan Three Towns,Shandong Taishan,1.0,1.4897005951203948,0.166517728377121,-1.0,0.23589429922401678,-1.0
2025,30,Beijing Guoan,Meizhou Hakka,-1.25,1.4897005951203948,0.14181121459223198,0.81,0.15314286887237813,0.81
2025,30,Qingdao West Coast,Changchun Yatai,-0.75,1.4897005951203948,0.02450175172323235,-0.5,0.06427383077706657,-0.5
2025,30,Tianjin Jinmen Tiger,Shanghai Shenhua,1.0,1.4897005951203948,0.18126648539472273,-1.0,0.24558707655279388,-1.0
2025,30,Zhejiang Professional,Qingdao Hainiu,-0.5,1.4897005951203948,0.15020826445647575,-1.0,0.17471341439361282,-1.0
2025,30,Henan Songshan Longmen,Yunnan Yukun,-1.0,1.4897005951203948,0.01804724662356907,-1.0,-0.0036365068983622464,-1.0
2025,30,Dalian Yingbo,Shanghai Port,1.0,1.4897005951203948,0.1858356635559786,0.0,0.2583043839137898,0.0
2026,1,Chengdu Rongcheng,Shenzhen Xinpengcheng,-1.5,1.4743415182284048,0.18530909441680396,0.8500000000000001,0.18130833151323122,0.8500000000000001
2026,1,Shanghai Port,Henan Songshan Longmen,-0.75,1.4731075792871033,-0.011729659815844043,-1.0,-0.015279074174268785,-1.0
2026,1,Yunnan Yukun,Qingdao Hainiu,-0.25,1.4731075792871033,0.0571172507526503,0.8600000000000001,0.06435706644253082,0.8600000000000001
2026,1,Shanghai Shenhua,Dalian Yingbo,-1.75,1.4731075792871033,0.20531937680103413,-0.5,0.30159476481447245,-0.5
2026,1,Zhejiang Professional,Qingdao West Coast,-0.75,1.4792413925228942,-0.027231054275814903,-1.0,0.009739917790602824,-1.0
2026,1,Wuhan Three Towns,Beijing Guoan,1.0,1.4792413925228942,0.03800831051029506,-1.0,0.08092768475436227,-1.0
2026,2,Wuhan Three Towns,Dalian Yingbo,0.0,1.4795319193737433,0.018001129560039675,0.9299999999999999,0.025887856998545043,0.9299999999999999
2026,2,Shandong Taishan,Beijing Guoan,-0.5,1.4823254959281587,-0.004519760316017934,-1.0,0.019055347598442497,-1.0
2026,2,Zhejiang Professional,Shanghai Shenhua,0.5,1.4823254959281587,-0.038706772612271054,-1.0,-0.04691760847591798,0.97
2026,2,Chongqing Tonglianglong,Liaoning Tieren,-0.25,1.4823254959281587,0.5690782618962328,-1.0,0.5742705435810066,-1.0
2026,2,Shenzhen Xinpengcheng,Tianjin Jinmen Tiger,-0.25,1.4823254959281587,0.14035030817197036,-1.0,0.19006057602383059,-1.0
2026,2,Henan Songshan Longmen,Yunnan Yukun,-1.0,1.5080437273779488,0.07859957161552313,0.0,0.06213537146484872,0.0
2026,2,Shanghai Port,Qingdao West Coast,-1.25,1.5080437273779488,-0.01844926176669747,-1.0,0.017741441985177693,-1.0
2026,2,Chengdu Rongcheng,Qingdao Hainiu,-1.75,1.5080437273779488,0.035377069094236366,-1.0,-0.006744507684184146,-1.0
2026,3,Qingdao Hainiu,Zhejiang Professional,0.5,1.5050094631160569,0.17822024832010797,-1.0,0.24317942668396927,-1.0
2026,3,Dalian Yingbo,Shanghai Port,0.5,1.5050094631160569,0.08639780175031293,1.0099999999999998,0.1230449695029291,1.0099999999999998
2026,3,Beijing Guoan,Shanghai Shenhua,0.25,1.511905073877301,0.12196981128054551,0.45499999999999996,0.16049066281789995,0.45499999999999996
2026,3,Liaoning Tieren,Tianjin Jinmen Tiger,0.25,1.511905073877301,0.13119795687662297,0.8200000000000001,0.1777562486753962,0.8200000000000001
2026,3,Henan Songshan Longmen,Wuhan Three Towns,-1.5,1.511905073877301,-0.01376391224633108,0.98,0.03088193680295098,0.98
2026,3,Chongqing Tonglianglong,Chengdu Rongcheng,0.5,1.511905073877301,0.421729314306925,0.9299999999999999,0.5759426863041056,0.9299999999999999
2026,3,Qingdao West Coast,Shenzhen Xinpengcheng,-0.25,1.511905073877301,0.14468735337851518,0.8200000000000001,0.16083061489782122,0.8200000000000001
2026,3,Yunnan Yukun,Shandong Taishan,0.75,1.511905073877301,0.057637491210503794,0.8300000000000001,0.10362876252302862,0.8300000000000001
2026,4,Chengdu Rongcheng,Qingdao West Coast,-2.0,1.4958144108224025,0.10225160738800287,-1.0,0.18044961650048513,-1.0
2026,4,Liaoning Tieren,Beijing Guoan,-0.25,1.4946647044326726,0.1184042000188077,-1.0,0.1661478049227905,-1.0
2026,4,Qingdao Hainiu,Henan Songshan Longmen,0.75,1.4946647044326726,0.10474047279248039,0.8600000000000001,0.15804398127553743,0.8600000000000001
2026,4,Shandong Taishan,Dalian Yingbo,-1.0,1.4946647044326726,0.013486824352959186,-1.0,-0.009231951196738747,-1.0
2026,4,Shanghai Port,Yunnan Yukun,-1.0,1.4946647044326726,0.22487049828675854,0.0,0.23517650779398935,0.0
2026,4,Shenzhen Xinpengcheng,Wuhan Three Towns,-0.5,1.5108830052526845,0.20614801408483063,-1.0,0.27907264964207873,-1.0
2026,4,Zhejiang Professional,Chongqing Tonglianglong,-1.25,1.5108830052526845,0.5283293507403493,0.9299999999999999,0.6313055514752152,0.9299999999999999
2026,4,Tianjin Jinmen Tiger,Shanghai Shenhua,0.5,1.5108830052526845,0.016850133934645493,0.8799999999999999,0.002818720638758355,0.8799999999999999
2026,5,Dalian Yingbo,Zhejiang Professional,0.25,1.5171369101666352,0.16468189631075017,0.96,0.20984712978534495,0.96
2026,5,Chongqing Tonglianglong,Wuhan Three Towns,-0.5,1.5196807751646801,0.1585511937754825,0.81,0.15838129165408735,0.81
2026,5,Qingdao West Coast,Liaoning Tieren,-0.25,1.5196807751646801,0.008809654450474961,0.39,0.03960368269275265,0.39
2026,5,Shanghai Shenhua,Shanghai Port,-0.5,1.5196807751646801,0.15355775312795203,0.8899999999999999,0.180647849394877,0.8899999999999999
2026,5,Henan Songshan Longmen,Shandong Taishan,0.0,1.5196807751646801,0.24521339582421792,-1.0,0.2790945003865931,-1.0
2026,5,Tianjin Jinmen Tiger,Qingdao Hainiu,-0.25,1.5154617357764606,-0.019101269316511477,-0.5,-0.0199703241486877,-0.5
2026,5,Beijing Guoan,Chengdu Rongcheng,0.25,1.5154617357764606,-0.015216503397212384,1.0499999999999998,-0.03620851342294942,1.0499999999999998
2026,5,Shenzhen Xinpengcheng,Yunnan Yukun,0.0,1.5154617357764606,0.015756447065178893,0.79,0.03601121240365101,0.79
2026,6,Zhejiang Professional,Beijing Guoan,0.25,1.5114109805350553,-0.021080465018177386,0.41000000000000003,0.0017389555527802083,0.41000000000000003
2026,6,Wuhan Three Towns,Chengdu Rongcheng,1.5,1.5114109805350553,0.04724658330845262,0.95,0.11300930324285197,0.95
2026,6,Yunnan Yukun,Tianjin Jinmen Tiger,0.25,1.5114109805350553,0.22390114583022636,-1.0,0.2834841199298002,-1.0
2026,6,Chongqing Tonglianglong,Shenzhen Xinpengcheng,-0.25,1.5114109805350553,0.2869065466694321,0.8200000000000001,0.29539228219589486,0.8200000000000001
2026,6,Qingdao Hainiu,Qingdao West Coast,-0.25,1.5114109805350553,-0.021138827323107217,-0.5,-0.037276914794536514,-0.5
2026,6,Shandong Taishan,Shanghai Port,-0.25,1.5114109805350553,0.09304829545711099,-0.5,0.10831056064810587,-0.5
2026,6,Dalian Yingbo,Henan Songshan Longmen,0.0,1.4934778356322358,0.03325271098546493,-1.0,0.04090612804484975,-1.0
2026,6,Shanghai Shenhua,Liaoning Tieren,-1.25,1.4934778356322358,0.1406461768017693,0.8,0.1585423030273691,0.8
2026,7,Shenzhen Xinpengcheng,Beijing Guoan,0.75,1.4955152142953125,0.04154544718618333,0.475,0.02246043582933708,0.475
2026,7,Chengdu Rongcheng,Yunnan Yukun,-1.5,1.4955152142953125,0.11968075544203725,-1.0,0.11431493979258624,-1.0
2026,7,Wuhan Three Towns,Zhejiang Professional,0.75,1.4955152142953125,0.29761500711794286,1.02,0.3670030942272893,1.02
2026,7,Shanghai Port,Chongqing Tonglianglong,-1.25,1.4955152142953125,0.5890584011381523,1.0099999999999998,0.7015384950057303,1.0099999999999998
2026,7,Tianjin Jinmen Tiger,Shandong Taishan,0.5,1.4955152142953125,0.031703537044967006,-1.0,0.07423024076950153,-1.0
2026,7,Shanghai Shenhua,Qingdao Hainiu,-1.75,1.503225930298884,0.004743923803511756,0.49,-0.043637815620899315,0.49
2026,7,Liaoning Tieren,Dalian Yingbo,-0.25,1.503225930298884,0.0400370940722853,-1.0,0.05433174378323166,-1.0
2026,7,Qingdao West Coast,Henan Songshan Longmen,0.25,1.503225930298884,-0.006354258406996772,-0.5,-0.028176843950535886,-0.5
2026,8,Beijing Guoan,Tianjin Jinmen Tiger,-1.25,1.4991896821585098,-0.03333006085403877,0.8500000000000001,0.0220948699347479,0.8500000000000001
2026,8,Shanghai Port,Wuhan Three Towns,-1.25,1.4991896821585098,0.239708547635285,0.96,0.2552477730711213,0.96
2026,8,Chengdu Rongcheng,Zhejiang Professional,-0.75,1.4991896821585098,0.35185621308244286,0.9299999999999999,0.3897470100973077,0.9299999999999999
2026,8,Qingdao Hainiu,Shandong Taishan,0.5,1.5068809218085935,0.01162588302201533,0.99,0.039245847061257146,0.99
2026,8,Chongqing Tonglianglong,Qingdao West Coast,-0.5,1.5068809218085935,0.043779606984931496,1.02,0.129484125967643,1.02
2026,8,Shenzhen Xinpengcheng,Liaoning Tieren,0.0,1.5068809218085935,0.016923042112620135,-1.0,0.02312693617131092,-1.0
2026,8,Dalian Yingbo,Yunnan Yukun,-0.5,1.5068809218085935,0.0026314914955200205,-1.0,-0.03219910940036276,-1.0
2026,8,Henan Songshan Longmen,Shanghai Shenhua,0.25,1.5068809218085935,0.12153935913448378,-1.0,0.15960258728243534,-1.0
2026,9,Dalian Yingbo,Chongqing Tonglianglong,-0.25,1.5149386577047919,0.2441700687985534,-1.0,0.30705313334597245,-1.0
2026,9,Henan Songshan Longmen,Liaoning Tieren,-0.5,1.5149386577047919,0.3542763542020013,0.9199999999999999,0.40693791874234286,0.9199999999999999
2026,9,Shandong Taishan,Qingdao West Coast,-1.25,1.5149386577047919,-0.025092962153538616,0.8300000000000001,0.03056661678375155,0.8300000000000001
2026,9,Tianjin Jinmen Tiger,Wuhan Three Towns,-0.5,1.5149386577047919,0.04440349326511266,-1.0,0.022085675681315028,-1.0
2026,9,Shanghai Shenhua,Chengdu Rongcheng,-0.25,1.5149386577047919,0.023430482967475054,-1.0,0.011049204606141486,-1.0
2026,9,Yunnan Yukun,Beijing Guoan,0.25,1.5107943557444212,0.00032085234468249473,-0.5,-0.0061830755752258285,-0.5
2026,9,Qingdao Hainiu,Shanghai Port,0.5,1.5107943557444212,-0.02674282321675707,0.8700000000000001,0.0003359772750243407,0.8700000000000001
2026,9,Zhejiang Professional,Shenzhen Xinpengcheng,-1.0,1.5107943557444212,-0.02507351575646481,0.0,-0.01389889398531709,0.0
2026,10,Qingdao West Coast,Tianjin Jinmen Tiger,-0.25,1.5069467127846357,-0.022464543582401228,0.49,0.0012973992574475451,0.49
2026,10,Liaoning Tieren,Chengdu Rongcheng,1.0,1.5069467127846357,0.018649533759130192,0.0,-0.0018231455575916558,0.0
2026,10,Shandong Taishan,Shanghai Shenhua,0.0,1.5069467127846357,-0.037891166353517955,-1.0,-0.033004769168972846,-1.0
2026,10,Chongqing Tonglianglong,Henan Songshan Longmen,-0.25,1.5069467127846357,0.06420112051972138,-0.5,0.018369510794272924,-0.5
2026,10,Wuhan Three Towns,Qingdao Hainiu,-0.5,1.4921865334026683,0.09458797599027803,0.97,0.13812452095316807,0.97
2026,10,Beijing Guoan,Dalian Yingbo,-0.75,1.4921865334026683,0.040170018961086996,0.8799999999999999,0.024788710755447894,0.8799999999999999
2026,10,Shanghai Port,Shenzhen Xinpengcheng,-0.75,1.4921865334026683,0.4245364220428897,-1.0,0.47073786804642287,-1.0
2026,10,Yunnan Yukun,Zhejiang Professional,0.0,1.4921865334026683,0.10098761209752408,-1.0,0.1148979696100648,-1.0
2026,11,Shanghai Shenhua,Chongqing Tonglianglong,-1.25,1.4971332824775614,0.48226871693982615,0.95,0.6020692969034398,0.95
2026,11,Chengdu Rongcheng,Henan Songshan Longmen,-1.25,1.4971332824775614,-0.011803363061469134,-1.0,0.035935610892926496,-1.0
2026,11,Zhejiang Professional,Tianjin Jinmen Tiger,-0.75,1.4883789214070482,0.0561814268013055,0.9299999999999999,0.10603146260394693,0.9299999999999999
2026,11,Qingdao Hainiu,Dalian Yingbo,0.25,1.4883789214070482,0.14454754912826312,0.77,0.19617831158426277,0.77
2026,11,Beijing Guoan,Shanghai Port,-0.5,1.4883789214070482,0.07148580412749969,-1.0,0.07571592722983322,-1.0
2026,11,Liaoning Tieren,Yunnan Yukun,-0.25,1.4883789214070482,0.0008490670321087441,-1.0,-0.016153787576515394,-1.0
2026,11,Shenzhen Xinpengcheng,Shandong Taishan,0.5,1.4883789214070482,0.12488789706802017,1.02,0.12027642823430827,1.02
2026,11,Qingdao West Coast,Wuhan Three Towns,-0.5,1.4883789214070482,0.05640483888785389,-1.0,0.0363214727497914,-1.0
2026,12,Henan Songshan Longmen,Shenzhen Xinpengcheng,-0.75,1.473720341845493,0.2641853081418172,0.44999999999999996,0.28196390277230565,0.44999999999999996
2026,12,Shanghai Port,Zhejiang Professional,-0.5,1.473720341845493,0.2266979179605746,-1.0,0.2473484814179364,-1.0
2026,12,Tianjin Jinmen Tiger,Chengdu Rongcheng,1.0,1.473720341845493,0.07857859186516704,0.0,0.13971817955469124,0.0
2026,12,Beijing Guoan,Qingdao Hainiu,-1.25,1.473720341845493,-0.023388288865354327,0.8799999999999999,-0.02747597188855465,-1.0
2026,12,Dalian Yingbo,Qingdao West Coast,-1.0,1.473720341845493,0.2176788801735096,0.81,0.30140759190966987,0.81
2026,12,Wuhan Three Towns,Liaoning Tieren,-0.25,1.4723645255107125,0.10115157419284561,-0.5,0.1033848102907979,-0.5
2026,12,Shandong Taishan,Chongqing Tonglianglong,-0.75,1.4723645255107125,0.14791146189060853,-1.0,0.22651488621827348,-1.0
2026,12,Yunnan Yukun,Shanghai Shenhua,0.25,1.4723645255107125,0.18999663232951547,-1.0,0.21478460625565168,-1.0
2026,13,Qingdao West Coast,Beijing Guoan,0.25,1.4732153997712814,0.003067087036316708,0.5049999999999999,0.018854819567161066,0.5049999999999999
2026,13,Chengdu Rongcheng,Shanghai Port,-1.25,1.4732153997712814,0.061036594612980485,-1.0,0.04085651232546349,-1.0
2026,13,Tianjin Jinmen Tiger,Henan Songshan Longmen,0.0,1.4732153997712814,0.011860294800198286,0.8799999999999999,0.0229212332133746,0.8799999999999999
2026,13,Shenzhen Xinpengcheng,Dalian Yingbo,0.0,1.4732153997712814,0.02157849617832703,0.0,0.03237882282555014,0.0
2026,13,Liaoning Tieren,Qingdao Hainiu,-0.5,1.4704075127714147,0.12360301909179636,-1.0,0.17502918538948728,-1.0
2026,13,Shanghai Shenhua,Wuhan Three Towns,-2.0,1.4704075127714147,0.07183924488215392,-1.0,0.05254034402901431,-1.0
2026,13,Chongqing Tonglianglong,Yunnan Yukun,-0.25,1.4704075127714147,0.0326238907585822,-0.5,0.017105589511239038,-0.5
2026,13,Zhejiang Professional,Shandong Taishan,0.0,1.4704075127714147,-0.01392330344529622,1.02,-0.01766231420191839,1.02
2026,14,Shanghai Port,Tianjin Jinmen Tiger,-0.75,1.4668928560924726,0.06215487826387804,-1.0,0.057413333360316,-1.0
2026,14,Beijing Guoan,Henan Songshan Longmen,-0.75,1.4668928560924726,-0.01717810296598464,0.8799999999999999,0.015095751032609494,0.8799999999999999
2026,14,Dalian Yingbo,Chengdu Rongcheng,0.5,1.4668928560924726,0.02517920146689817,-1.0,0.009194805325996319,-1.0
2026,14,Zhejiang Professional,Liaoning Tieren,-0.5,1.4735841269809644,0.11146652210010959,-1.0,0.1286748835675216,-1.0
2026,14,Shandong Taishan,Wuhan Three Towns,-1.5,1.4735841269809644,0.027781114284816798,-1.0,0.0061807465252094315,-1.0
2026,14,Shanghai Shenhua,Shenzhen Xinpengcheng,-1.5,1.4735841269809644,0.20312113366260431,-1.0,0.20736118682977253,-1.0
2026,14,Qingdao Hainiu,Chongqing Tonglianglong,-0.25,1.4735841269809644,0.013869589781426035,0.78,0.06054572610373013,0.78
2026,14,Yunnan Yukun,Qingdao West Coast,-0.75,1.4735841269809644,0.08775757359054916,0.81,0.1455947832508527,0.81
2026,15,Liaoning Tieren,Shanghai Port,0.0,1.5031991893575665,0.01321123043108778,-1.0,0.03452917104903912,-1.0
2026,15,Qingdao West Coast,Shanghai Shenhua,0.5,1.4963839680285247,-0.03793022210193341,-1.0,-0.028926988996794127,0.78
2026,15,Henan Songshan Longmen,Zhejiang Professional,-0.5,1.4963839680285247,0.075643733087434,-1.0,0.07714370027481512,-1.0
2026,15,Chengdu Rongcheng,Shandong Taishan,-0.5,1.4963839680285247,0.2752338732578663,0.9199999999999999,0.3137554540730977,0.9199999999999999
2026,15,Chongqing Tonglianglong,Beijing Guoan,0.25,1.4963839680285247,0.11913397794488896,-1.0,0.16506389357417203,-1.0
2026,15,Shenzhen Xinpengcheng,Qingdao Hainiu,-0.5,1.4963839680285247,0.16947103813412911,-1.0,0.24019475369192883,-1.0
2026,15,Tianjin Jinmen Tiger,Dalian Yingbo,0.0,1.509423168035705,0.07606694872776268,0.9299999999999999,0.09005177643008203,0.9299999999999999
2026,15,Wuhan Three Towns,Yunnan Yukun,0.25,1.509423168035705,0.16215393082609092,0.41500000000000004,0.2122755014759822,0.41500000000000004
2026,16,Qingdao Hainiu,Yunnan Yukun,-0.25,1.5049715196963003,0.11803507480230087,1.0299999999999998,0.12129162321722549,1.0299999999999998
2026,16,Chongqing Tonglianglong,Tianjin Jinmen Tiger,-0.5,1.5056041878914332,0.1689681224932456,-1.0,0.267349361643923,-1.0
2026,16,Beijing Guoan,Wuhan Three Towns,-1.5,1.5056041878914332,0.06955459868717345,-1.0,0.05258834913272206,-1.0
2026,16,Shenzhen Xinpengcheng,Chengdu Rongcheng,0.75,1.5056041878914332,0.1237715555533191,0.43999999999999995,0.11851759728434498,0.43999999999999995
2026,16,Liaoning Tieren,Shandong Taishan,0.25,1.5056041878914332,0.03191345649644139,0.9099999999999999,0.03621755014907128,0.9099999999999999
2026,16,Henan Songshan Longmen,Shanghai Port,-0.25,1.5056041878914332,0.05510613379614866,-1.0,0.061658081648743535,-1.0
2026,16,Qingdao West Coast,Zhejiang Professional,0.0,1.5129851516295785,0.007744710702633933,0.0,0.02867489924590846,0.0
2026,16,Dalian Yingbo,Shanghai Shenhua,0.0,1.5129851516295785,0.12113964937771307,0.9299999999999999,0.14494249647009147,0.9299999999999999
2026,17,Yunnan Yukun,Henan Songshan Longmen,-0.25,1.5069018838882287,0.11957199499586879,-1.0,0.16598352008907213,-1.0
2026,17,Liaoning Tieren,Chongqing Tonglianglong,-0.5,1.5101452417158328,0.04764242081248445,-1.0,0.11862950750301864,-1.0
2026,17,Qingdao West Coast,Shanghai Port,0.0,1.5101452417158328,-0.015979194221369203,-1.0,-0.007610973245037066,-1.0
2026,17,Beijing Guoan,Shandong Taishan,-0.75,1.5101452417158328,-0.018879491920662277,0.99,-0.043201756256964055,0.99
2026,17,Dalian Yingbo,Wuhan Three Towns,-0.75,1.5101452417158328,0.0707659180904895,-0.5,0.11707498246055012,-0.5
2026,17,Tianjin Jinmen Tiger,Shenzhen Xinpengcheng,-0.25,1.5101452417158328,0.16953464955208244,1.0099999999999998,0.1668200467923876,1.0099999999999998
2026,17,Shanghai Shenhua,Zhejiang Professional,-0.75,1.5166713706065742,0.13524400436816886,0.43500000000000005,0.1493742198593204,0.43500000000000005
2026,17,Qingdao Hainiu,Chengdu Rongcheng,0.75,1.5166713706065742,0.05876483908563797,-1.0,0.04149123041522627,-1.0
2026,18,Shandong Taishan,Yunnan Yukun,-1.0,1.51003715709106,0.14404228809805236,0.0,0.14560941571691932,0.0
2026,18,Shenzhen Xinpengcheng,Qingdao West Coast,0.0,1.5090921106977404,0.05981371780368815,-1.0,0.06342979237200749,-1.0
2026,18,Chengdu Rongcheng,Chongqing Tonglianglong,-1.25,1.5090921106977404,0.012510647284396024,-1.0,-0.0377977069137205,-1.0
