fixture_id,season,round,match_date,home_team,away_team,home_goals,away_goals,result,status
CSL-2026-1-2026-03-06-chengdu-rongcheng-shenzhen-xinpengcheng,2026,1,2026-03-06,Chengdu Rongcheng,Shenzhen Xinpengcheng,5,1,H,finished
CSL-2026-1-2026-03-07-shandong-taishan-liaoning-tieren,2026,1,2026-03-07,Shandong Taishan,Liaoning Tieren,3,0,H,finished
CSL-2026-1-2026-03-07-shanghai-port-henan-songshan-longmen,2026,1,2026-03-07,Shanghai Port,Henan Songshan Longmen,1,2,A,finished
CSL-2026-1-2026-03-07-shanghai-shenhua-dalian-yingbo,2026,1,2026-03-07,Shanghai Shenhua,Dalian Yingbo,5,3,H,finished
CSL-2026-1-2026-03-07-tianjin-jinmen-tiger-chongqing-tonglianglong,2026,1,2026-03-07,Tianjin Jinmen Tiger,Chongqing Tonglianglong,0,0,D,finished
CSL-2026-1-2026-03-07-yunnan-yukun-qingdao-hainiu,2026,1,2026-03-07,Yunnan Yukun,Qingdao Hainiu,3,1,H,finished
CSL-2026-1-2026-03-08-wuhan-three-towns-beijing-guoan,2026,1,2026-03-08,Wuhan Three Towns,Beijing Guoan,0,2,A,finished
CSL-2026-1-2026-03-08-zhejiang-professional-qingdao-west-coast,2026,1,2026-03-08,Zhejiang Professional,Qingdao West Coast,2,0,H,finished
CSL-2026-2-2026-03-13-wuhan-three-towns-dalian-yingbo,2026,2,2026-03-13,Wuhan Three Towns,Dalian Yingbo,4,1,H,finished
CSL-2026-2-2026-03-14-chongqing-tonglianglong-liaoning-tieren,2026,2,2026-03-14,Chongqing Tonglianglong,Liaoning Tieren,1,0,H,finished
CSL-2026-2-2026-03-14-shandong-taishan-beijing-guoan,2026,2,2026-03-14,Shandong Taishan,Beijing Guoan,2,1,H,finished
CSL-2026-2-2026-03-14-shenzhen-xinpengcheng-tianjin-jinmen-tiger,2026,2,2026-03-14,Shenzhen Xinpengcheng,Tianjin Jinmen Tiger,1,0,H,finished
CSL-2026-2-2026-03-14-zhejiang-professional-shanghai-shenhua,2026,2,2026-03-14,Zhejiang Professional,Shanghai Shenhua,1,1,D,finished
CSL-2026-2-2026-03-15-chengdu-rongcheng-qingdao-hainiu,2026,2,2026-03-15,Chengdu Rongcheng,Qingdao Hainiu,1,0,H,finished
CSL-2026-2-2026-03-15-henan-songshan-longmen-yunnan-yukun,2026,2,2026-03-15,Henan Songshan Longmen,Yunnan Yukun,2,1,H,finished
CSL-2026-2-2026-03-15-shanghai-port-qingdao-west-coast,2026,2,2026-03-15,Shanghai Port,Qingdao West Coast,4,1,H,finished
CSL-2026-3-2026-03-20-dalian-yingbo-shanghai-port,2026,3,2026-03-20,Dalian Yingbo,Shanghai Port,1,0,H,finished
CSL-2026-3-2026-03-20-qingdao-hainiu-zhejiang-professional,2026,3,2026-03-20,Qingdao Hainiu,Zhejiang Professional,1,4,A,finished
CSL-2026-3-2026-03-21-beijing-guoan-shanghai-shenhua,2026,3,2026-03-21,Beijing Guoan,Shanghai Shenhua,1,1,D,finished
CSL-2026-3-2026-03-21-chongqing-tonglianglong-chengdu-rongcheng,2026,3,2026-03-21,Chongqing Tonglianglong,Chengdu Rongcheng,3,3,D,finished
CSL-2026-3-2026-03-21-henan-songshan-longmen-wuhan-three-towns,2026,3,2026-03-21,Henan Songshan Longmen,Wuhan Three Towns,1,1,D,finished
CSL-2026-3-2026-03-21-liaoning-tieren-tianjin-jinmen-tiger,2026,3,2026-03-21,Liaoning Tieren,Tianjin Jinmen Tiger,3,0,H,finished
CSL-2026-3-2026-03-21-qingdao-west-coast-shenzhen-xinpengcheng,2026,3,2026-03-21,Qingdao West Coast,Shenzhen Xinpengcheng,1,0,H,finished
CSL-2026-3-2026-03-21-yunnan-yukun-shandong-taishan,2026,3,2026-03-21,Yunnan Yukun,Shandong Taishan,4,0,H,finished
CSL-2026-4-2026-04-03-chengdu-rongcheng-qingdao-west-coast,2026,4,2026-04-03,Chengdu Rongcheng,Qingdao West Coast,5,1,H,finished
CSL-2026-4-2026-04-04-liaoning-tieren-beijing-guoan,2026,4,2026-04-04,Liaoning Tieren,Beijing Guoan,2,1,H,finished
CSL-2026-4-2026-04-04-qingdao-hainiu-henan-songshan-longmen,2026,4,2026-04-04,Qingdao Hainiu,Henan Songshan Longmen,1,0,H,finished
CSL-2026-4-2026-04-04-shandong-taishan-dalian-yingbo,2026,4,2026-04-04,Shandong Taishan,Dalian Yingbo,1,2,A,finished
CSL-2026-4-2026-04-04-shanghai-port-yunnan-yukun,2026,4,2026-04-04,Shanghai Port,Yunnan Yukun,2,1,H,finished
CSL-2026-4-2026-04-05-shenzhen-xinpengcheng-wuhan-three-towns,2026,4,2026-04-05,Shenzhen Xinpengcheng,Wuhan Three Towns,5,2,H,finished
CSL-2026-4-2026-04-05-tianjin-jinmen-tiger-shanghai-shenhua,2026,4,2026-04-05,Tianjin Jinmen Tiger,Shanghai Shenhua,2,3,A,finished
CSL-2026-4-2026-04-05-zhejiang-professional-chongqing-tonglianglong,2026,4,2026-04-05,Zhejiang Professional,Chongqing Tonglianglong,0,1,A,finished
CSL-2026-5-2026-04-10-dalian-yingbo-zhejiang-professional,2026,5,2026-04-10,Dalian Yingbo,Zhejiang Professional,3,0,H,finished
CSL-2026-5-2026-04-11-chongqing-tonglianglong-wuhan-three-towns,2026,5,2026-04-11,Chongqing Tonglianglong,Wuhan Three Towns,2,1,H,finished
CSL-2026-5-2026-04-11-henan-songshan-longmen-shandong-taishan,2026,5,2026-04-11,Henan Songshan Longmen,Shandong Taishan,0,1,A,finished
CSL-2026-5-2026-04-11-qingdao-west-coast-liaoning-tieren,2026,5,2026-04-11,Qingdao West Coast,Liaoning Tieren,1,1,D,finished
CSL-2026-5-2026-04-11-shanghai-shenhua-shanghai-port,2026,5,2026-04-11,Shanghai Shenhua,Shanghai Port,1,0,H,finished
CSL-2026-5-2026-04-12-beijing-guoan-chengdu-rongcheng,2026,5,2026-04-12,Beijing Guoan,Chengdu Rongcheng,1,2,A,finished
CSL-2026-5-2026-04-12-shenzhen-xinpengcheng-yunnan-yukun,2026,5,2026-04-12,Shenzhen Xinpengcheng,Yunnan Yukun,3,4,A,finished
CSL-2026-5-2026-04-12-tianjin-jinmen-tiger-qingdao-hainiu,2026,5,2026-04-12,Tianjin Jinmen Tiger,Qingdao Hainiu,1,1,D,finished
CSL-2026-6-2026-04-17-chongqing-tonglianglong-shenzhen-xinpengcheng,2026,6,2026-04-17,Chongqing Tonglianglong,Shenzhen Xinpengcheng,2,0,H,finished
CSL-2026-6-2026-04-17-qingdao-hainiu-qingdao-west-coast,2026,6,2026-04-17,Qingdao Hainiu,Qingdao West Coast,0,0,D,finished
CSL-2026-6-2026-04-17-shandong-taishan-shanghai-port,2026,6,2026-04-17,Shandong Taishan,Shanghai Port,1,1,D,finished
CSL-2026-6-2026-04-17-wuhan-three-towns-chengdu-rongcheng,2026,6,2026-04-17,Wuhan Three Towns,Chengdu Rongcheng,0,1,A,finished
CSL-2026-6-2026-04-17-yunnan-yukun-tianjin-jinmen-tiger,2026,6,2026-04-17,Yunnan Yukun,Tianjin Jinmen Tiger,0,3,A,finished
CSL-2026-6-2026-04-17-zhejiang-professional-beijing-guoan,2026,6,2026-04-17,Zhejiang Professional,Beijing Guoan,0,0,D,finished
CSL-2026-6-2026-04-18-dalian-yingbo-henan-songshan-longmen,2026,6,2026-04-18,Dalian Yingbo,Henan Songshan Longmen,2,1,H,finished
CSL-2026-6-2026-04-18-shanghai-shenhua-liaoning-tieren,2026,6,2026-04-18,Shanghai Shenhua,Liaoning Tieren,3,1,H,finished
CSL-2026-7-2026-04-21-chengdu-rongcheng-yunnan-yukun,2026,7,2026-04-21,Chengdu Rongcheng,Yunnan Yukun,2,1,H,finished
CSL-2026-7-2026-04-21-shanghai-port-chongqing-tonglianglong,2026,7,2026-04-21,Shanghai Port,Chongqing Tonglianglong,1,2,A,finished
CSL-2026-7-2026-04-21-shenzhen-xinpengcheng-beijing-guoan,2026,7,2026-04-21,Shenzhen Xinpengcheng,Beijing Guoan,0,1,A,finished
CSL-2026-7-2026-04-21-tianjin-jinmen-tiger-shandong-taishan,2026,7,2026-04-21,Tianjin Jinmen Tiger,Shandong Taishan,1,2,A,finished
CSL-2026-7-2026-04-21-wuhan-three-towns-zhejiang-professional,2026,7,2026-04-21,Wuhan Three Towns,Zhejiang Professional,2,0,H,finished
CSL-2026-7-2026-04-22-liaoning-tieren-dalian-yingbo,2026,7,2026-04-22,Liaoning Tieren,Dalian Yingbo,0,1,A,finished
CSL-2026-7-2026-04-22-qingdao-west-coast-henan-songshan-longmen,2026,7,2026-04-22,Qingdao West Coast,Henan Songshan Longmen,0,0,D,finished
CSL-2026-7-2026-04-22-shanghai-shenhua-qingdao-hainiu,2026,7,2026-04-22,Shanghai Shenhua,Qingdao Hainiu,2,0,H,finished
CSL-2026-8-2026-04-25-beijing-guoan-tianjin-jinmen-tiger,2026,8,2026-04-25,Beijing Guoan,Tianjin Jinmen Tiger,2,4,A,finished
CSL-2026-8-2026-04-25-chengdu-rongcheng-zhejiang-professional,2026,8,2026-04-25,Chengdu Rongcheng,Zhejiang Professional,4,0,H,finished
CSL-2026-8-2026-04-25-shanghai-port-wuhan-three-towns,2026,8,2026-04-25,Shanghai Port,Wuhan Three Towns,4,0,H,finished
CSL-2026-8-2026-04-26-chongqing-tonglianglong-qingdao-west-coast,2026,8,2026-04-26,Chongqing Tonglianglong,Qingdao West Coast,1,1,D,finished
CSL-2026-8-2026-04-26-dalian-yingbo-yunnan-yukun,2026,8,2026-04-26,Dalian Yingbo,Yunnan Yukun,1,3,A,finished
CSL-2026-8-2026-04-26-henan-songshan-longmen-shanghai-shenhua,2026,8,2026-04-26,Henan Songshan Longmen,Shanghai Shenhua,0,3,A,finished
CSL-2026-8-2026-04-26-qingdao-hainiu-shandong-taishan,2026,8,2026-04-26,Qingdao Hainiu,Shandong Taishan,4,1,H,finished
CSL-2026-8-2026-04-26-shenzhen-xinpengcheng-liaoning-tieren,2026,8,2026-04-26,Shenzhen Xinpengcheng,Liaoning Tieren,1,0,H,finished
CSL-2026-9-2026-05-01-dalian-yingbo-chongqing-tonglianglong,2026,9,2026-05-01,Dalian Yingbo,Chongqing Tonglianglong,1,0,H,finished
CSL-2026-9-2026-05-01-henan-songshan-longmen-liaoning-tieren,2026,9,2026-05-01,Henan Songshan Longmen,Liaoning Tieren,4,0,H,finished
CSL-2026-9-2026-05-01-shandong-taishan-qingdao-west-coast,2026,9,2026-05-01,Shandong Taishan,Qingdao West Coast,1,1,D,finished
CSL-2026-9-2026-05-01-shanghai-shenhua-chengdu-rongcheng,2026,9,2026-05-01,Shanghai Shenhua,Chengdu Rongcheng,2,3,A,finished
CSL-2026-9-2026-05-01-tianjin-jinmen-tiger-wuhan-three-towns,2026,9,2026-05-01,Tianjin Jinmen Tiger,Wuhan Three Towns,2,2,D,finished
CSL-2026-9-2026-05-02-qingdao-hainiu-shanghai-port,2026,9,2026-05-02,Qingdao Hainiu,Shanghai Port,3,1,H,finished
CSL-2026-9-2026-05-02-yunnan-yukun-beijing-guoan,2026,9,2026-05-02,Yunnan Yukun,Beijing Guoan,3,3,D,finished
CSL-2026-9-2026-05-02-zhejiang-professional-shenzhen-xinpengcheng,2026,9,2026-05-02,Zhejiang Professional,Shenzhen Xinpengcheng,2,1,H,finished
CSL-2026-10-2026-05-05-chongqing-tonglianglong-henan-songshan-longmen,2026,10,2026-05-05,Chongqing Tonglianglong,Henan Songshan Longmen,1,1,D,finished
CSL-2026-10-2026-05-05-liaoning-tieren-chengdu-rongcheng,2026,10,2026-05-05,Liaoning Tieren,Chengdu Rongcheng,0,1,A,finished
CSL-2026-10-2026-05-05-qingdao-west-coast-tianjin-jinmen-tiger,2026,10,2026-05-05,Qingdao West Coast,Tianjin Jinmen Tiger,1,1,D,finished
CSL-2026-10-2026-05-05-shandong-taishan-shanghai-shenhua,2026,10,2026-05-05,Shandong Taishan,Shanghai Shenhua,4,1,H,finished
CSL-2026-10-2026-05-06-beijing-guoan-dalian-yingbo,2026,10,2026-05-06,Beijing Guoan,Dalian Yingbo,3,0,H,finished
CSL-2026-10-2026-05-06-shanghai-port-shenzhen-xinpengcheng,2026,10,2026-05-06,Shanghai Port,Shenzhen Xinpengcheng,1,1,D,finished
CSL-2026-10-2026-05-06-wuhan-three-towns-qingdao-hainiu,2026,10,2026-05-06,Wuhan Three Towns,Qingdao Hainiu,1,3,A,finished
CSL-2026-10-2026-05-06-yunnan-yukun-zhejiang-professional,2026,10,2026-05-06,Yunnan Yukun,Zhejiang Professional,1,2,A,finished
CSL-2026-11-2026-05-09-chengdu-rongcheng-henan-songshan-longmen,2026,11,2026-05-09,Chengdu Rongcheng,Henan Songshan Longmen,3,0,H,finished
CSL-2026-11-2026-05-09-shanghai-shenhua-chongqing-tonglianglong,2026,11,2026-05-09,Shanghai Shenhua,Chongqing Tonglianglong,2,2,D,finished
CSL-2026-11-2026-05-10-beijing-guoan-shanghai-port,2026,11,2026-05-10,Beijing Guoan,Shanghai Port,2,2,D,finished
CSL-2026-11-2026-05-10-liaoning-tieren-yunnan-yukun,2026,11,2026-05-10,Liaoning Tieren,Yunnan Yukun,1,2,A,finished
CSL-2026-11-2026-05-10-qingdao-hainiu-dalian-yingbo,2026,11,2026-05-10,Qingdao Hainiu,Dalian Yingbo,3,1,H,finished
CSL-2026-11-2026-05-10-qingdao-west-coast-wuhan-three-towns,2026,11,2026-05-10,Qingdao West Coast,Wuhan Three Towns,1,1,D,finished
CSL-2026-11-2026-05-10-shenzhen-xinpengcheng-shandong-taishan,2026,11,2026-05-10,Shenzhen Xinpengcheng,Shandong Taishan,1,2,A,finished
CSL-2026-11-2026-05-10-zhejiang-professional-tianjin-jinmen-tiger,2026,11,2026-05-10,Zhejiang Professional,Tianjin Jinmen Tiger,1,1,D,finished
CSL-2026-12-2026-05-15-beijing-guoan-qingdao-hainiu,2026,12,2026-05-15,Beijing Guoan,Qingdao Hainiu,4,2,H,finished
CSL-2026-12-2026-05-15-dalian-yingbo-qingdao-west-coast,2026,12,2026-05-15,Dalian Yingbo,Qingdao West Coast,2,3,A,finished
CSL-2026-12-2026-05-15-henan-songshan-longmen-shenzhen-xinpengcheng,2026,12,2026-05-15,Henan Songshan Longmen,Shenzhen Xinpengcheng,1,0,H,finished
CSL-2026-12-2026-05-15-shanghai-port-zhejiang-professional,2026,12,2026-05-15,Shanghai Port,Zhejiang Professional,2,2,D,finished
CSL-2026-12-2026-05-15-tianjin-jinmen-tiger-chengdu-rongcheng,2026,12,2026-05-15,Tianjin Jinmen Tiger,Chengdu Rongcheng,1,2,A,finished
CSL-2026-12-2026-05-16-shandong-taishan-chongqing-tonglianglong,2026,12,2026-05-16,Shandong Taishan,Chongqing Tonglianglong,3,1,H,finished
CSL-2026-12-2026-05-16-wuhan-three-towns-liaoning-tieren,2026,12,2026-05-16,Wuhan Three Towns,Liaoning Tieren,2,2,D,finished
CSL-2026-12-2026-05-16-yunnan-yukun-shanghai-shenhua,2026,12,2026-05-16,Yunnan Yukun,Shanghai Shenhua,1,0,H,finished
CSL-2026-13-2026-05-19-chengdu-rongcheng-shanghai-port,2026,13,2026-05-19,Chengdu Rongcheng,Shanghai Port,0,1,A,finished
CSL-2026-13-2026-05-19-qingdao-west-coast-beijing-guoan,2026,13,2026-05-19,Qingdao West Coast,Beijing Guoan,1,1,D,finished
CSL-2026-13-2026-05-19-shenzhen-xinpengcheng-dalian-yingbo,2026,13,2026-05-19,Shenzhen Xinpengcheng,Dalian Yingbo,1,1,D,finished
CSL-2026-13-2026-05-19-tianjin-jinmen-tiger-henan-songshan-longmen,2026,13,2026-05-19,Tianjin Jinmen Tiger,Henan Songshan Longmen,1,2,A,finished
CSL-2026-13-2026-05-20-chongqing-tonglianglong-yunnan-yukun,2026,13,2026-05-20,Chongqing Tonglianglong,Yunnan Yukun,0,0,D,finished
CSL-2026-13-2026-05-20-liaoning-tieren-qingdao-hainiu,2026,13,2026-05-20,Liaoning Tieren,Qingdao Hainiu,2,1,H,finished
CSL-2026-13-2026-05-20-shanghai-shenhua-wuhan-three-towns,2026,13,2026-05-20,Shanghai Shenhua,Wuhan Three Towns,2,2,D,finished
CSL-2026-13-2026-05-20-zhejiang-professional-shandong-taishan,2026,13,2026-05-20,Zhejiang Professional,Shandong Taishan,4,1,H,finished
CSL-2026-14-2026-05-23-beijing-guoan-henan-songshan-longmen,2026,14,2026-05-23,Beijing Guoan,Henan Songshan Longmen,1,2,A,finished
CSL-2026-14-2026-05-23-dalian-yingbo-chengdu-rongcheng,2026,14,2026-05-23,Dalian Yingbo,Chengdu Rongcheng,2,0,H,finished
CSL-2026-14-2026-05-23-shanghai-port-tianjin-jinmen-tiger,2026,14,2026-05-23,Shanghai Port,Tianjin Jinmen Tiger,1,1,D,finished
CSL-2026-14-2026-05-24-qingdao-hainiu-chongqing-tonglianglong,2026,14,2026-05-24,Qingdao Hainiu,Chongqing Tonglianglong,0,1,A,finished
CSL-2026-14-2026-05-24-shandong-taishan-wuhan-three-towns,2026,14,2026-05-24,Shandong Taishan,Wuhan Three Towns,3,3,D,finished
CSL-2026-14-2026-05-24-shanghai-shenhua-shenzhen-xinpengcheng,2026,14,2026-05-24,Shanghai Shenhua,Shenzhen Xinpengcheng,1,2,A,finished
CSL-2026-14-2026-05-24-yunnan-yukun-qingdao-west-coast,2026,14,2026-05-24,Yunnan Yukun,Qingdao West Coast,2,3,A,finished
CSL-2026-14-2026-05-24-zhejiang-professional-liaoning-tieren,2026,14,2026-05-24,Zhejiang Professional,Liaoning Tieren,0,5,A,finished
CSL-2026-15-2026-05-29-liaoning-tieren-shanghai-port,2026,15,2026-05-29,Liaoning Tieren,Shanghai Port,3,2,H,disputed
CSL-2026-15-2026-05-30-chengdu-rongcheng-shandong-taishan,2026,15,2026-05-30,Chengdu Rongcheng,Shandong Taishan,1,0,H,finished
CSL-2026-15-2026-05-30-chongqing-tonglianglong-beijing-guoan,2026,15,2026-05-30,Chongqing Tonglianglong,Beijing Guoan,2,3,A,finished
CSL-2026-15-2026-05-30-henan-songshan-longmen-zhejiang-professional,2026,15,2026-05-30,Henan Songshan Longmen,Zhejiang Professional,0,2,A,finished
CSL-2026-15-2026-05-30-qingdao-west-coast-shanghai-shenhua,2026,15,2026-05-30,Qingdao West Coast,Shanghai Shenhua,2,2,D,disputed
CSL-2026-15-2026-05-30-shenzhen-xinpengcheng-qingdao-hainiu,2026,15,2026-05-30,Shenzhen Xinpengcheng,Qingdao Hainiu,3,2,H,finished
CSL-2026-15-2026-05-31-tianjin-jinmen-tiger-dalian-yingbo,2026,15,2026-05-31,Tianjin Jinmen Tiger,Dalian Yingbo,1,0,H,finished
CSL-2026-15-2026-05-31-wuhan-three-towns-yunnan-yukun,2026,15,2026-05-31,Wuhan Three Towns,Yunnan Yukun,1,1,D,finished
CSL-2026-16-2026-06-26-qingdao-hainiu-yunnan-yukun,2026,16,2026-06-26,Qingdao Hainiu,Yunnan Yukun,4,2,H,finished
CSL-2026-16-2026-06-27-beijing-guoan-wuhan-three-towns,2026,16,2026-06-27,Beijing Guoan,Wuhan Three Towns,1,0,H,finished
CSL-2026-16-2026-06-27-chongqing-tonglianglong-tianjin-jinmen-tiger,2026,16,2026-06-27,Chongqing Tonglianglong,Tianjin Jinmen Tiger,1,0,H,finished
CSL-2026-16-2026-06-27-henan-songshan-longmen-shanghai-port,2026,16,2026-06-27,Henan Songshan Longmen,Shanghai Port,1,2,A,finished
CSL-2026-16-2026-06-27-liaoning-tieren-shandong-taishan,2026,16,2026-06-27,Liaoning Tieren,Shandong Taishan,1,5,A,finished
CSL-2026-16-2026-06-27-shenzhen-xinpengcheng-chengdu-rongcheng,2026,16,2026-06-27,Shenzhen Xinpengcheng,Chengdu Rongcheng,2,3,A,finished
CSL-2026-16-2026-06-28-dalian-yingbo-shanghai-shenhua,2026,16,2026-06-28,Dalian Yingbo,Shanghai Shenhua,1,2,A,finished
CSL-2026-16-2026-06-28-qingdao-west-coast-zhejiang-professional,2026,16,2026-06-28,Qingdao West Coast,Zhejiang Professional,1,1,D,finished
CSL-2026-17-2026-07-03-yunnan-yukun-henan-songshan-longmen,2026,17,2026-07-03,Yunnan Yukun,Henan Songshan Longmen,2,1,H,finished
CSL-2026-17-2026-07-04-beijing-guoan-shandong-taishan,2026,17,2026-07-04,Beijing Guoan,Shandong Taishan,2,0,H,finished
CSL-2026-17-2026-07-04-dalian-yingbo-wuhan-three-towns,2026,17,2026-07-04,Dalian Yingbo,Wuhan Three Towns,3,2,H,finished
CSL-2026-17-2026-07-04-liaoning-tieren-chongqing-tonglianglong,2026,17,2026-07-04,Liaoning Tieren,Chongqing Tonglianglong,3,1,H,finished
CSL-2026-17-2026-07-04-qingdao-west-coast-shanghai-port,2026,17,2026-07-04,Qingdao West Coast,Shanghai Port,2,1,H,finished
CSL-2026-17-2026-07-04-tianjin-jinmen-tiger-shenzhen-xinpengcheng,2026,17,2026-07-04,Tianjin Jinmen Tiger,Shenzhen Xinpengcheng,3,0,H,finished
CSL-2026-17-2026-07-05-qingdao-hainiu-chengdu-rongcheng,2026,17,2026-07-05,Qingdao Hainiu,Chengdu Rongcheng,1,1,D,finished
CSL-2026-17-2026-07-05-shanghai-shenhua-zhejiang-professional,2026,17,2026-07-05,Shanghai Shenhua,Zhejiang Professional,3,2,H,finished
CSL-2026-18-2026-07-10-shandong-taishan-yunnan-yukun,2026,18,2026-07-10,Shandong Taishan,Yunnan Yukun,4,3,H,finished
CSL-2026-18-2026-07-11-chengdu-rongcheng-chongqing-tonglianglong,2026,18,2026-07-11,Chengdu Rongcheng,Chongqing Tonglianglong,1,1,D,finished
CSL-2026-18-2026-07-11-shenzhen-xinpengcheng-qingdao-west-coast,2026,18,2026-07-11,Shenzhen Xinpengcheng,Qingdao West Coast,3,0,H,finished
CSL-2026-18-2026-07-14-zhejiang-professional-qingdao-hainiu,2026,18,2026-07-14,Zhejiang Professional,Qingdao Hainiu,3,2,H,finished
CSL-2026-19-2026-07-17-beijing-guoan-liaoning-tieren,2026,19,2026-07-17,Beijing Guoan,Liaoning Tieren,1,1,D,finished
CSL-2026-19-2026-07-17-henan-songshan-longmen-qingdao-hainiu,2026,19,2026-07-17,Henan Songshan Longmen,Qingdao Hainiu,5,1,H,finished
CSL-2026-19-2026-07-17-qingdao-west-coast-chengdu-rongcheng,2026,19,2026-07-17,Qingdao West Coast,Chengdu Rongcheng,1,1,D,finished
CSL-2026-19-2026-07-17-yunnan-yukun-shanghai-port,2026,19,2026-07-17,Yunnan Yukun,Shanghai Port,2,2,D,finished
CSL-2026-19-2026-07-18-chongqing-tonglianglong-zhejiang-professional,2026,19,2026-07-18,Chongqing Tonglianglong,Zhejiang Professional,1,1,D,finished
CSL-2026-19-2026-07-18-dalian-yingbo-shandong-taishan,2026,19,2026-07-18,Dalian Yingbo,Shandong Taishan,3,1,H,finished
CSL-2026-19-2026-07-18-shanghai-shenhua-tianjin-jinmen-tiger,2026,19,2026-07-18,Shanghai Shenhua,Tianjin Jinmen Tiger,0,2,A,finished
CSL-2026-19-2026-07-18-wuhan-three-towns-shenzhen-xinpengcheng,2026,19,2026-07-18,Wuhan Three Towns,Shenzhen Xinpengcheng,2,0,H,finished
CSL-2026-20-2026-07-25-liaoning-tieren-qingdao-west-coast,2026,20,2026-07-25,Liaoning Tieren,Qingdao West Coast,0,1,A,finished
CSL-2026-20-2026-07-25-qingdao-hainiu-tianjin-jinmen-tiger,2026,20,2026-07-25,Qingdao Hainiu,Tianjin Jinmen Tiger,0,0,D,finished
CSL-2026-20-2026-07-25-shanghai-port-shanghai-shenhua,2026,20,2026-07-25,Shanghai Port,Shanghai Shenhua,2,0,H,finished
CSL-2026-20-2026-07-25-wuhan-three-towns-chongqing-tonglianglong,2026,20,2026-07-25,Wuhan Three Towns,Chongqing Tonglianglong,1,0,H,finished
CSL-2026-20-2026-07-26-chengdu-rongcheng-beijing-guoan,2026,20,2026-07-26,Chengdu Rongcheng,Beijing Guoan,2,2,D,finished
CSL-2026-20-2026-07-26-shandong-taishan-henan-songshan-longmen,2026,20,2026-07-26,Shandong Taishan,Henan Songshan Longmen,1,2,A,finished
CSL-2026-20-2026-07-26-yunnan-yukun-shenzhen-xinpengcheng,2026,20,2026-07-26,Yunnan Yukun,Shenzhen Xinpengcheng,4,3,H,finished
CSL-2026-20-2026-07-26-zhejiang-professional-dalian-yingbo,2026,20,2026-07-26,Zhejiang Professional,Dalian Yingbo,3,2,H,finished
CSL-2026-21-2026-07-31-henan-songshan-longmen-dalian-yingbo,2026,21,2026-07-31,Henan Songshan Longmen,Dalian Yingbo,1,1,D,finished
CSL-2026-21-2026-08-01-beijing-guoan-zhejiang-professional,2026,21,2026-08-01,Beijing Guoan,Zhejiang Professional,2,1,H,finished
CSL-2026-21-2026-08-01-chengdu-rongcheng-wuhan-three-towns,2026,21,2026-08-01,Chengdu Rongcheng,Wuhan Three Towns,1,1,D,finished
CSL-2026-21-2026-08-01-shanghai-port-shandong-taishan,2026,21,2026-08-01,Shanghai Port,Shandong Taishan,0,1,A,finished
CSL-2026-21-2026-08-01-tianjin-jinmen-tiger-yunnan-yukun,2026,21,2026-08-01,Tianjin Jinmen Tiger,Yunnan Yukun,3,2,H,finished
CSL-2026-21-2026-08-02-liaoning-tieren-shanghai-shenhua,2026,21,2026-08-02,Liaoning Tieren,Shanghai Shenhua,3,1,H,finished
CSL-2026-21-2026-08-02-qingdao-west-coast-qingdao-hainiu,2026,21,2026-08-02,Qingdao West Coast,Qingdao Hainiu,0,0,D,finished
CSL-2026-21-2026-08-02-shenzhen-xinpengcheng-chongqing-tonglianglong,2026,21,2026-08-02,Shenzhen Xinpengcheng,Chongqing Tonglianglong,2,0,H,finished
CSL-2026-22-2026-08-07-beijing-guoan-shenzhen-xinpengcheng,2026,22,2026-08-07,Beijing Guoan,Shenzhen Xinpengcheng,4,0,H,finished
CSL-2026-22-2026-08-08-dalian-yingbo-liaoning-tieren,2026,22,2026-08-08,Dalian Yingbo,Liaoning Tieren,1,0,H,finished
CSL-2026-22-2026-08-08-qingdao-hainiu-shanghai-shenhua,2026,22,2026-08-08,Qingdao Hainiu,Shanghai Shenhua,0,1,A,finished
CSL-2026-22-2026-08-08-yunnan-yukun-chengdu-rongcheng,2026,22,2026-08-08,Yunnan Yukun,Chengdu Rongcheng,1,0,H,finished
CSL-2026-22-2026-08-09-chongqing-tonglianglong-shanghai-port,2026,22,2026-08-09,Chongqing Tonglianglong,Shanghai Port,2,3,A,finished
CSL-2026-22-2026-08-09-henan-songshan-longmen-qingdao-west-coast,2026,22,2026-08-09,Henan Songshan Longmen,Qingdao West Coast,0,0,D,finished
CSL-2026-22-2026-08-09-shandong-taishan-tianjin-jinmen-tiger,2026,22,2026-08-09,Shandong Taishan,Tianjin Jinmen Tiger,2,1,H,finished
CSL-2026-23-2026-08-14-qingdao-west-coast-chongqing-tonglianglong,2026,23,2026-08-14,Qingdao West Coast,Chongqing Tonglianglong,0,0,D,finished
CSL-2026-23-2026-08-14-shandong-taishan-qingdao-hainiu,2026,23,2026-08-14,Shandong Taishan,Qingdao Hainiu,3,1,H,finished
CSL-2026-23-2026-08-14-wuhan-three-towns-shanghai-port,2026,23,2026-08-14,Wuhan Three Towns,Shanghai Port,2,3,A,finished
CSL-2026-23-2026-08-15-liaoning-tieren-shenzhen-xinpengcheng,2026,23,2026-08-15,Liaoning Tieren,Shenzhen Xinpengcheng,1,2,A,finished
CSL-2026-23-2026-08-15-shanghai-shenhua-henan-songshan-longmen,2026,23,2026-08-15,Shanghai Shenhua,Henan Songshan Longmen,4,1,H,finished
CSL-2026-23-2026-08-15-tianjin-jinmen-tiger-beijing-guoan,2026,23,2026-08-15,Tianjin Jinmen Tiger,Beijing Guoan,2,4,A,finished
CSL-2026-23-2026-08-15-yunnan-yukun-dalian-yingbo,2026,23,2026-08-15,Yunnan Yukun,Dalian Yingbo,3,1,H,finished
CSL-2026-23-2026-08-15-zhejiang-professional-chengdu-rongcheng,2026,23,2026-08-15,Zhejiang Professional,Chengdu Rongcheng,2,3,A,finished
CSL-2026-18-2026-08-18-shanghai-shenhua-beijing-guoan,2026,18,2026-08-18,Shanghai Shenhua,Beijing Guoan,0,3,A,finished
CSL-2026-18-2026-08-19-shanghai-port-dalian-yingbo,2026,18,2026-08-19,Shanghai Port,Dalian Yingbo,1,1,D,finished
CSL-2026-24-2026-08-22-beijing-guoan-yunnan-yukun,2026,24,2026-08-22,Beijing Guoan,Yunnan Yukun,3,3,D,finished
CSL-2026-24-2026-08-22-chengdu-rongcheng-shanghai-shenhua,2026,24,2026-08-22,Chengdu Rongcheng,Shanghai Shenhua,4,5,A,finished
CSL-2026-24-2026-08-22-qingdao-west-coast-shandong-taishan,2026,24,2026-08-22,Qingdao West Coast,Shandong Taishan,2,0,H,finished
CSL-2026-24-2026-08-22-shenzhen-xinpengcheng-zhejiang-professional,2026,24,2026-08-22,Shenzhen Xinpengcheng,Zhejiang Professional,1,1,D,finished
CSL-2026-24-2026-08-22-wuhan-three-towns-tianjin-jinmen-tiger,2026,24,2026-08-22,Wuhan Three Towns,Tianjin Jinmen Tiger,0,0,D,finished
CSL-2026-24-2026-08-23-chongqing-tonglianglong-dalian-yingbo,2026,24,2026-08-23,Chongqing Tonglianglong,Dalian Yingbo,0,1,A,finished
CSL-2026-24-2026-08-23-liaoning-tieren-henan-songshan-longmen,2026,24,2026-08-23,Liaoning Tieren,Henan Songshan Longmen,4,4,D,finished
CSL-2026-24-2026-08-23-shanghai-port-qingdao-hainiu,2026,24,2026-08-23,Shanghai Port,Qingdao Hainiu,2,1,H,finished
CSL-2026-25-2026-08-28-dalian-yingbo-beijing-guoan,2026,25,2026-08-28,Dalian Yingbo,Beijing Guoan,0,0,D,finished
CSL-2026-25-2026-08-28-shanghai-shenhua-shandong-taishan,2026,25,2026-08-28,Shanghai Shenhua,Shandong Taishan,0,1,A,finished
CSL-2026-25-2026-08-28-shenzhen-xinpengcheng-shanghai-port,2026,25,2026-08-28,Shenzhen Xinpengcheng,Shanghai Port,0,1,A,finished
