fixture_id,round,match_date,kickoff_at,home_team,away_team,home_win_prob,draw_prob,away_win_prob,home_win_fair_odds,draw_fair_odds,away_win_fair_odds
CSL-2026-26-2026-09-05-wuhan-three-towns-qingdao-west-coast,26,2026-09-05,2026-09-05T12:00:00+01:00,Wuhan Three Towns,Qingdao West Coast,0.432413,0.248951,0.318636,2.3126,4.0169,3.1384
CSL-2026-26-2026-09-05-dalian-yingbo-qingdao-hainiu,26,2026-09-05,2026-09-05T12:35:00+01:00,Dalian Yingbo,Qingdao Hainiu,0.530578,0.236445,0.232978,1.8847,4.2293,4.2923
CSL-2026-26-2026-09-05-shanghai-port-beijing-guoan,26,2026-09-05,2026-09-05T12:35:00+01:00,Shanghai Port,Beijing Guoan,0.415843,0.226992,0.357165,2.4048,4.4054,2.7998
CSL-2026-26-2026-09-05-shandong-taishan-shenzhen-xinpengcheng,26,2026-09-05,2026-09-05T13:00:00+01:00,Shandong Taishan,Shenzhen Xinpengcheng,0.709219,0.162689,0.128092,1.41,6.1467,7.8069
CSL-2026-26-2026-09-06-chongqing-tonglianglong-shanghai-shenhua,26,2026-09-06,2026-09-06T12:00:00+01:00,Chongqing Tonglianglong,Shanghai Shenhua,0.253839,0.269375,0.476786,3.9395,3.7123,2.0974
CSL-2026-26-2026-09-06-henan-songshan-longmen-chengdu-rongcheng,26,2026-09-06,2026-09-06T12:35:00+01:00,Henan Songshan Longmen,Chengdu Rongcheng,0.328188,0.239396,0.432416,3.047,4.1772,2.3126
CSL-2026-26-2026-09-06-yunnan-yukun-liaoning-tieren,26,2026-09-06,2026-09-06T12:35:00+01:00,Yunnan Yukun,Liaoning Tieren,0.552591,0.201701,0.245708,1.8097,4.9578,4.0699
CSL-2026-26-2026-09-06-tianjin-jinmen-tiger-zhejiang-professional,26,2026-09-06,2026-09-06T13:00:00+01:00,Tianjin Jinmen Tiger,Zhejiang Professional,0.431277,0.251226,0.317496,2.3187,3.9805,3.1496
CSL-2026-18-2026-09-12-tianjin-jinmen-tiger-liaoning-tieren,18,2026-09-12,2026-09-12T12:00:00+01:00,Tianjin Jinmen Tiger,Liaoning Tieren,0.489288,0.238967,0.271745,2.0438,4.1847,3.6799
