fixture_id,round,match_date,match_time,kickoff_at,home_team,away_team
CSL-2026-26-2026-09-05-wuhan-three-towns-qingdao-west-coast,26,2026-09-05,11:00,2026-09-05T12:00:00+01:00,Wuhan Three Towns,Qingdao West Coast
CSL-2026-26-2026-09-05-dalian-yingbo-qingdao-hainiu,26,2026-09-05,11:35,2026-09-05T12:35:00+01:00,Dalian Yingbo,Qingdao Hainiu
CSL-2026-26-2026-09-05-shanghai-port-beijing-guoan,26,2026-09-05,11:35,2026-09-05T12:35:00+01:00,Shanghai Port,Beijing Guoan
CSL-2026-26-2026-09-05-shandong-taishan-shenzhen-xinpengcheng,26,2026-09-05,12:00,2026-09-05T13:00:00+01:00,Shandong Taishan,Shenzhen Xinpengcheng
CSL-2026-26-2026-09-06-chongqing-tonglianglong-shanghai-shenhua,26,2026-09-06,11:00,2026-09-06T12:00:00+01:00,Chongqing Tonglianglong,Shanghai Shenhua
CSL-2026-26-2026-09-06-henan-songshan-longmen-chengdu-rongcheng,26,2026-09-06,11:35,2026-09-06T12:35:00+01:00,Henan Songshan Longmen,Chengdu Rongcheng
CSL-2026-26-2026-09-06-yunnan-yukun-liaoning-tieren,26,2026-09-06,11:35,2026-09-06T12:35:00+01:00,Yunnan Yukun,Liaoning Tieren
CSL-2026-26-2026-09-06-tianjin-jinmen-tiger-zhejiang-professional,26,2026-09-06,12:00,2026-09-06T13:00:00+01:00,Tianjin Jinmen Tiger,Zhejiang Professional
CSL-2026-18-2026-09-12-tianjin-jinmen-tiger-liaoning-tieren,18,2026-09-12,11:00,2026-09-12T12:00:00+01:00,Tianjin Jinmen Tiger,Liaoning Tieren
