Date,Home Team,Away Team,Home Win Probability,Draw Probability,Away Win Probability,Home -1 Handicap,Home -2 Handicap,Away -1 Handicap,Away -2 Handicap
2026-07-13,Beijing Guoan,Changchun Yatai,0.8298093082263232,0.1371138884529428,0.033076803320734045,0.5882613708787363,0.3402418697368843,0.003941561397054676,0.00033316685516441864
2026-07-13,Beijing Guoan,Chengdu Rongcheng,0.3796211724377262,0.3076077723320188,0.312771055230255,0.15101269677717022,0.04560927614456244,0.11160850452036009,0.029994584773483154
2026-07-13,Beijing Guoan,Chongqing Tonglianglong,0.6976841690454498,0.24942128955329917,0.052894541401251,0.3800640176517971,0.15842035376011215,0.005342715382781529,0.0003748189674062036
2026-07-13,Beijing Guoan,Dalian Yingbo,0.683994743046151,0.22071906357300258,0.09528619338084639,0.4034249586202965,0.18795107162920663,0.018718010000091715,0.00267046907962933
2026-07-13,Beijing Guoan,Henan Songshan Longmen,0.5743252134874111,0.25958881424334296,0.16608597226924599,0.30204218842998637,0.12421129185645391,0.044335778862256446,0.008780440311840181
2026-07-13,Beijing Guoan,Liaoning Tieren,0.8233967539704724,0.1217758359665096,0.05482741006301801,0.6206116782717155,0.39659422876578143,0.011973174893316977,0.0019686805250458783
2026-07-13,Beijing Guoan,Meizhou Hakka,0.8758632798545514,0.09095056512732409,0.03318615501812454,0.7023006140647278,0.4854205358243982,0.006116129816691815,0.0008404196244739497
2026-07-13,Beijing Guoan,Qingdao Hainiu,0.7483255619370223,0.17071815678349536,0.08095628127948237,0.5024825732562568,0.27624986725614464,0.017832737389424348,0.0029178134128349047
2026-07-13,Beijing Guoan,Qingdao West Coast,0.6869453244263416,0.22127149306915767,0.09178318250450072,0.4043312107898969,0.18766848974697722,0.01739723241857736,0.0023873507574138668
2026-07-13,Beijing Guoan,Shandong Taishan,0.5916871979337537,0.2287201054929223,0.17959269657332402,0.34064026302214734,0.1577640281139568,0.057361102627201004,0.014008639543945878
2026-07-13,Beijing Guoan,Shanghai Port,0.600495591024925,0.23099351409974136,0.16851089487533363,0.34399964098964875,0.1578003272416946,0.050824147882879096,0.011625460325655939
2026-07-13,Beijing Guoan,Shanghai Shenhua,0.5293612986504704,0.25111354890264337,0.2195251524468862,0.2802122759791863,0.117720922785787,0.07440744459789016,0.019281977289009353
2026-07-13,Beijing Guoan,Shenzhen Xinpengcheng,0.7864308090490726,0.15805803830162246,0.05551115264930495,0.5381432323318591,0.3001033221289416,0.0093683929742926,0.0011470057173181766
2026-07-13,Beijing Guoan,Tianjin Jinmen Tiger,0.6684370408246215,0.2391957776016038,0.09236718157377469,0.3752713454248086,0.1641521449081871,0.01628001570162657,0.002059240193210306
2026-07-13,Beijing Guoan,Wuhan Three Towns,0.7888333579805482,0.14564986662906237,0.06551677539038943,0.5617960345604761,0.33277002534880545,0.014019407148186341,0.0022363346451105015
2026-07-13,Beijing Guoan,Yunnan Yukun,0.7404543814131135,0.17512288983059374,0.08442272875629278,0.49207956678799897,0.26713345057479926,0.01881111369655136,0.0031138676277230686
2026-07-13,Beijing Guoan,Zhejiang Professional,0.6650572329834746,0.2191440373362677,0.11579872968025767,0.39499003723885867,0.18688980844928357,0.02712883551129295,0.004696198443881993
2026-07-13,Changchun Yatai,Beijing Guoan,0.10213239066278723,0.25863517726103613,0.6392324320761766,0.018198445129161737,0.0023222603647955545,0.340902025969866,0.140331671248384
2026-07-13,Changchun Yatai,Chengdu Rongcheng,0.07374952396241963,0.23780946780766543,0.6884410082299149,0.01066239663651698,0.0010916552561655388,0.38709295297636437,0.16871845256294177
2026-07-13,Changchun Yatai,Chongqing Tonglianglong,0.27218295930182085,0.5161832220302238,0.21163381866795533,0.05574903814907304,0.007996615357224734,0.03573720984506431,0.004197358713840869
2026-07-13,Changchun Yatai,Dalian Yingbo,0.2263066651445048,0.3900955047567746,0.38359783009872056,0.05219569628790007,0.008608687325851412,0.12566519842662588,0.03000802424325528
2026-07-13,Changchun Yatai,Henan Songshan Longmen,0.15201292640780528,0.32374284025067934,0.5242442333415154,0.030528298908225376,0.004386998863607105,0.22936560178560872,0.07534755910939209
2026-07-13,Changchun Yatai,Liaoning Tieren,0.30258000948534175,0.3273298839040965,0.3700901066105618,0.10017291610042284,0.024655897152889066,0.13789418585613497,0.03851335308742458
2026-07-13,Changchun Yatai,Meizhou Hakka,0.3721742325310786,0.3353870286650812,0.2924387388038402,0.1362652199931605,0.03723913275065037,0.09270717469715062,0.02172425359264349
2026-07-13,Changchun Yatai,Qingdao Hainiu,0.2511687024134517,0.3468436887287193,0.401987608857829,0.06966754921860042,0.014099380278946881,0.14900826411159987,0.04105454522374982
2026-07-13,Changchun Yatai,Qingdao West Coast,0.23072486548521073,0.3979170446808212,0.37135808983396806,0.05300969944130719,0.008697259665201051,0.11743962540642451,0.02697779097674784
2026-07-13,Changchun Yatai,Shandong Taishan,0.13956332869985888,0.2643205083489797,0.5961161629511614,0.03180566663432332,0.005290163836075016,0.31131008677082134,0.12608375864538107
2026-07-13,Changchun Yatai,Shanghai Port,0.1490391397805771,0.28220815383038,0.568752706389043,0.033641390876881734,0.0055187917523280994,0.2813327009667194,0.10687290817454188
2026-07-13,Changchun Yatai,Shanghai Shenhua,0.11460972105308188,0.24862355488777166,0.6367667240591465,0.02348551792274758,0.0034901882598622805,0.3486505881128954,0.14875782541630564
2026-07-13,Changchun Yatai,Shenzhen Xinpengcheng,0.3026599055742176,0.3910564283570408,0.3062836660687416,0.08559247437943675,0.017516287710320422,0.08729824055924007,0.018013704422754528
2026-07-13,Changchun Yatai,Tianjin Jinmen Tiger,0.22620712776081034,0.41983379962755263,0.35395907261163706,0.048722544041082845,0.007445468975086505,0.10390624586403868,0.021974670440628667
2026-07-13,Changchun Yatai,Wuhan Three Towns,0.2801617444601491,0.3424234321624571,0.37741482337739385,0.08475477139241085,0.018849656924744742,0.13681265784524427,0.03689593550276314
2026-07-13,Changchun Yatai,Yunnan Yukun,0.24531578099621806,0.3460181189177565,0.4086661000860254,0.06705930412616104,0.013362959553324234,0.15304854326171446,0.04263162274249627
2026-07-13,Changchun Yatai,Zhejiang Professional,0.20130256973135818,0.34875074534058004,0.4499466849280618,0.047152095107169355,0.007957368182750425,0.17520669705530018,0.05070308614290354
2026-07-13,Chengdu Rongcheng,Beijing Guoan,0.5469383392338325,0.2711036149569722,0.18195804580919528,0.2761699055075112,0.10839446892372825,0.05003600631558907,0.010210021560072542
2026-07-13,Chengdu Rongcheng,Changchun Yatai,0.8611338700161513,0.11647833745501411,0.022387792528834622,0.6357120288390955,0.38622797094440026,0.0021555539092842583,0.00014583341945395648
2026-07-13,Chengdu Rongcheng,Chongqing Tonglianglong,0.7343737607443179,0.22750882369173783,0.03811741556394424,0.41995562172367606,0.18483962438101076,0.0030907364665691056,0.00017288204109602824
2026-07-13,Chengdu Rongcheng,Dalian Yingbo,0.734606932839788,0.19808060902493696,0.06731245813527507,0.4561910664701384,0.22487859076185557,0.010775327938678214,0.0012368900004323666
2026-07-13,Chengdu Rongcheng,Henan Songshan Longmen,0.637568724216206,0.24213911840004235,0.12029215738375162,0.35529534846466015,0.15521312165613038,0.02637362922284329,0.0042237986605546994
2026-07-13,Chengdu Rongcheng,Liaoning Tieren,0.8657265389150934,0.09885813356438226,0.0354153275205243,0.6809868840808356,0.4578792127808439,0.006365006143538362,0.0008481333150242433
2026-07-13,Chengdu Rongcheng,Meizhou Hakka,0.9076055555912652,0.07149909533286122,0.02089534907587356,0.7547747616962989,0.5463214033139548,0.0031584863341126822,0.00035088191769173157
2026-07-13,Chengdu Rongcheng,Qingdao Hainiu,0.7984649461739881,0.14659580743427153,0.054939246391740346,0.5628697096551851,0.3268912535260475,0.009926799689543209,0.0013128441089398013
2026-07-13,Chengdu Rongcheng,Qingdao West Coast,0.736468274215295,0.19863866223072768,0.06489306355397727,0.4562571793558073,0.2240195687052362,0.010012985149203991,0.0011047847468633233
2026-07-13,Chengdu Rongcheng,Shandong Taishan,0.663275559893738,0.20953443485186396,0.12719000525439805,0.4051654252959244,0.19960580856904017,0.03367830113082103,0.006697258966904875
2026-07-13,Chengdu Rongcheng,Shanghai Port,0.6691233992294026,0.2113434537463313,0.11953314702426615,0.40632154922752917,0.19812238545812266,0.029809314744059567,0.0055411559612589265
2026-07-13,Chengdu Rongcheng,Shanghai Shenhua,0.6037707475388522,0.23719295667650914,0.15903629578463868,0.3400196983420031,0.15217556759857329,0.04472537577754205,0.009440872471991942
2026-07-13,Chengdu Rongcheng,Shenzhen Xinpengcheng,0.8271498240127653,0.13515105853726683,0.037699117449967894,0.591986234756804,0.34782318878368507,0.0051790648959381055,0.0005098928308244023
2026-07-13,Chengdu Rongcheng,Tianjin Jinmen Tiger,0.7166928898309977,0.21727678790558663,0.06603032226341571,0.4237036595795484,0.19610014049687008,0.009447814599232012,0.0009591609597396415
2026-07-13,Chengdu Rongcheng,Wuhan Three Towns,0.8345987237379324,0.1219000247073796,0.04350125155468798,0.622130595797758,0.38850595344900246,0.007640918200394432,0.0009857778507312285
2026-07-13,Chengdu Rongcheng,Yunnan Yukun,0.7915175965076483,0.15100003980288834,0.05748236368946336,0.5525384283171519,0.3169772609370244,0.010507474737822662,0.0014059687837327827
2026-07-13,Chengdu Rongcheng,Zhejiang Professional,0.7218173371944725,0.1966771595630943,0.08150550324243319,0.45225361492834715,0.22671949725607515,0.015649076944970114,0.0021878572401141196
2026-07-13,Chongqing Tonglianglong,Beijing Guoan,0.12655583757430003,0.36881297980330985,0.5046311826223902,0.019168513555395755,0.0020340071064943116,0.1971149757355916,0.05660666745873288
2026-07-13,Chongqing Tonglianglong,Changchun Yatai,0.3446903046088955,0.4970580529613733,0.1582516424297312,0.08600375112226011,0.015161997341868868,0.021788498701026334,0.0020746154928062916
2026-07-13,Chongqing Tonglianglong,Chengdu Rongcheng,0.09531607475077956,0.35589679377117045,0.54878713147805,0.011632938521097686,0.0009862180636484971,0.22673897489830974,0.06905697236277433
2026-07-13,Chongqing Tonglianglong,Dalian Yingbo,0.23210723939717726,0.47848848576940695,0.2894042748334158,0.045190367991276216,0.006172658897379913,0.06631257214953419,0.010730895072855124
2026-07-13,Chongqing Tonglianglong,Henan Songshan Longmen,0.17083069551032612,0.4254632867157307,0.40370601777394316,0.0290705484935847,0.0034674152538157255,0.12648188571065497,0.028567365387128955
2026-07-13,Chongqing Tonglianglong,Liaoning Tieren,0.3166171700434701,0.3985236604824911,0.2848591694740388,0.09068476873602252,0.01877864946213045,0.07604395717190492,0.014620670686489604
2026-07-13,Chongqing Tonglianglong,Meizhou Hakka,0.37478469751890525,0.39987748351816343,0.22533781896293126,0.11865440508898646,0.027273652927863514,0.050627801058156514,0.008110244288118901
2026-07-13,Chongqing Tonglianglong,Qingdao Hainiu,0.2643047547687148,0.42831816480860646,0.3073770804226788,0.06272334622990969,0.010601158501279996,0.08101121926503993,0.015284252941010948
2026-07-13,Chongqing Tonglianglong,Qingdao West Coast,0.23475501829072984,0.48569960176037813,0.279545379948892,0.045476030058337565,0.006174859007026614,0.061660574485913194,0.009582537143397324
2026-07-13,Chongqing Tonglianglong,Shandong Taishan,0.16862413685739014,0.3625992178027291,0.4687766453398807,0.033066505965074065,0.004609059660166214,0.18012097307666802,0.0510856787544839
2026-07-13,Chongqing Tonglianglong,Shanghai Port,0.17543313526455326,0.3802779084354551,0.4442889562999916,0.03394947295184679,0.0046564180638278396,0.16037879865570015,0.042424375017287776
2026-07-13,Chongqing Tonglianglong,Shanghai Shenhua,0.14306220434379432,0.35261642069128085,0.5043213749649248,0.025139888445587368,0.003123898045070451,0.20393173087052816,0.06106978436230528
2026-07-13,Chongqing Tonglianglong,Shenzhen Xinpengcheng,0.30051849241240003,0.46789171626434223,0.23158979132325777,0.0721184230295243,0.012262619294392877,0.04594982642002153,0.006408002567278317
2026-07-13,Chongqing Tonglianglong,Tianjin Jinmen Tiger,0.22676588261361444,0.5085433214673651,0.2646907959190204,0.04099741417025055,0.0051710406346420915,0.053829016733767845,0.007670205730700952
2026-07-13,Chongqing Tonglianglong,Wuhan Three Towns,0.2921954564175377,0.4186763699336877,0.2891281736487746,0.07594025803501395,0.014142754555757047,0.07460175063969804,0.01378833471596016
2026-07-13,Chongqing Tonglianglong,Yunnan Yukun,0.25899976679893283,0.42846956517253276,0.31253066802853446,0.060551320290311794,0.010074213121015519,0.08326034104150003,0.015885957700935045
2026-07-13,Chongqing Tonglianglong,Zhejiang Professional,0.2161329635816462,0.4402078474470526,0.34365918897130115,0.043016280798545636,0.006035965414673331,0.09507657502711256,0.018827533392850797
2026-07-13,Dalian Yingbo,Beijing Guoan,0.23321805419372077,0.3128675111990524,0.45391443460722686,0.06745721134808874,0.01439867350380862,0.19350972802945257,0.06256460899162004
2026-07-13,Dalian Yingbo,Changchun Yatai,0.5841038759839923,0.30897597134668775,0.10692015266931999,0.2720906713404857,0.09536586901108472,0.016624515846672225,0.0018237411030739936
2026-07-13,Dalian Yingbo,Chengdu Rongcheng,0.1756099121305152,0.3071967409339521,0.5171933469355326,0.04169732995398575,0.007192645443144684,0.23447364356451422,0.08067663671645778
2026-07-13,Dalian Yingbo,Chongqing Tonglianglong,0.4523662815677589,0.4231378523563174,0.12449586607592367,0.151060898242238,0.0364123931976465,0.016266352948424795,0.0014737126850342581
2026-07-13,Dalian Yingbo,Henan Songshan Longmen,0.3122352847337513,0.34234520312516287,0.34541951214108585,0.10134236734576439,0.024306576425395264,0.11916834771466404,0.030503751543228257
2026-07-13,Dalian Yingbo,Liaoning Tieren,0.5437373656054585,0.26659231633849384,0.18967031805604767,0.27752560812864596,0.11058537602475978,0.054692267710072906,0.011774970612863905
2026-07-13,Dalian Yingbo,Meizhou Hakka,0.6222755410067777,0.2414952488685082,0.13622921012471406,0.3470456366894917,0.15243706925173567,0.033236860617018936,0.005986020760708627
2026-07-13,Dalian Yingbo,Qingdao Hainiu,0.4656110545544616,0.30735404791408816,0.22703489753145023,0.2033620175810451,0.06759102414883349,0.06547763116822862,0.013950983618031453
2026-07-13,Dalian Yingbo,Qingdao West Coast,0.42005911013591246,0.3579296796084418,0.2220112102556457,0.1550795495083688,0.04235194264647991,0.05467537632715744,0.009719836413496318
2026-07-13,Dalian Yingbo,Shandong Taishan,0.308912155805137,0.29883596627593434,0.3922518779189287,0.11219446849483596,0.030840495706284825,0.16245107984592694,0.051432641917865875
2026-07-13,Dalian Yingbo,Shanghai Port,0.3203936045282073,0.3091256174631877,0.370480778008605,0.11549918072757712,0.031366795730631766,0.14492353851162104,0.04296666164833371
2026-07-13,Dalian Yingbo,Shanghai Shenhua,0.2634239089351925,0.29791726356450543,0.43865882750030205,0.08667904772030743,0.02139205424087602,0.19166408999702655,0.06416452724244082
2026-07-13,Dalian Yingbo,Shenzhen Xinpengcheng,0.5203557106699017,0.31470587233350755,0.16493841699659073,0.23206659114027053,0.07815369208606018,0.03639326962263346,0.005792705227380632
2026-07-13,Dalian Yingbo,Tianjin Jinmen Tiger,0.40801518923712415,0.3773396623796997,0.2146451483831761,0.1420904982575037,0.03628442320973037,0.049054220089043164,0.008027561241671132
2026-07-13,Dalian Yingbo,Wuhan Three Towns,0.5078074471729326,0.2891554311316134,0.20303712169545401,0.23963446358992055,0.0869896318330208,0.05709472508898575,0.0118867966837394
2026-07-13,Dalian Yingbo,Yunnan Yukun,0.45740576554871454,0.3097627326642238,0.2328315017870617,0.1971582926970893,0.06457753333437787,0.06788663861020201,0.014628648452920515
2026-07-13,Dalian Yingbo,Zhejiang Professional,0.38890992639373845,0.3355492321206293,0.27554084148563224,0.1456961208894684,0.04078195462017055,0.08395117524403585,0.018848067912025944
2026-07-13,Henan Songshan Longmen,Beijing Guoan,0.3579313856533768,0.30631896425490857,0.33574965009171465,0.1385142513404794,0.04065116728296385,0.12537393095858773,0.03540987623118405
2026-07-13,Henan Songshan Longmen,Changchun Yatai,0.7312693022507752,0.20929696378396062,0.05943373396526412,0.440118068779305,0.20786567198100311,0.00800912068018098,0.0007636987252762719
2026-07-13,Henan Songshan Longmen,Chengdu Rongcheng,0.2776548416354708,0.3181479223525427,0.4041972360119866,0.08919084130493998,0.021307887383555848,0.16135665453054093,0.04865076748715575
2026-07-13,Henan Songshan Longmen,Chongqing Tonglianglong,0.590781038653967,0.32838055931301624,0.08083840203301675,0.26399814181251263,0.08772397808700622,0.00919827833527589,0.0007263548238668037
2026-07-13,Henan Songshan Longmen,Dalian Yingbo,0.5654019432384245,0.2862368628520955,0.14836119390948,0.27649029682098464,0.10357328298556064,0.03290685312739323,0.005292963424097077
2026-07-13,Henan Songshan Longmen,Liaoning Tieren,0.7105350953110181,0.18660493949655577,0.10285996519242613,0.46067876234879096,0.2436330520138114,0.025541183925597757,0.004756696175070553
2026-07-13,Henan Songshan Longmen,Meizhou Hakka,0.7792686153056196,0.15299269952532774,0.06773868516905263,0.5448857380368046,0.31488513237528587,0.014209047857002095,0.002212284279424456
2026-07-13,Henan Songshan Longmen,Qingdao Hainiu,0.6275000182281656,0.23614733187064352,0.1363526499011909,0.3553467580312408,0.1591448789636943,0.03402698699304185,0.006290947957946347
2026-07-13,Henan Songshan Longmen,Qingdao West Coast,0.5692545950596684,0.2877751603458061,0.14297024459452556,0.2776890610274382,0.10359126312401266,0.030594903022598405,0.004732887362712254
2026-07-13,Henan Songshan Longmen,Shandong Taishan,0.45991786472168494,0.2722214571580877,0.26786067812022735,0.2196550990816434,0.08202212572625936,0.0965624500049869,0.0266016048565979
2026-07-13,Henan Songshan Longmen,Shanghai Port,0.47074016891994686,0.277412019625616,0.25184781145443713,0.22349762494680353,0.08257173582708538,0.08573309895440621,0.02211798712241164
2026-07-13,Henan Songshan Longmen,Shanghai Shenhua,0.4022673404212645,0.2847550919744932,0.31297756760424233,0.17534904679120134,0.059084008642554815,0.119438494657764,0.034862459195742615
2026-07-13,Henan Songshan Longmen,Shenzhen Xinpengcheng,0.6758467474083361,0.22824022346695658,0.09591302912470737,0.3907334499713664,0.17751329485251713,0.018323449849729157,0.0025328328452600335
2026-07-13,Henan Songshan Longmen,Tianjin Jinmen Tiger,0.5527485690009015,0.30640674256412703,0.14084468843497144,0.2558246514689384,0.08959154444289374,0.027999959063238135,0.003990124098046196
2026-07-13,Henan Songshan Longmen,Wuhan Three Towns,0.6720745035930744,0.2118233629146849,0.1161021334922407,0.4073934890747265,0.19796300954538787,0.028190207163822926,0.00508611365214546
2026-07-13,Henan Songshan Longmen,Yunnan Yukun,0.6188787099959463,0.24011845455277595,0.14100283545127776,0.3463568335297385,0.1530113801059055,0.03558549426960403,0.0066550835758635496
2026-07-13,Henan Songshan Longmen,Zhejiang Professional,0.5415397622299853,0.279049724381881,0.17941051338813366,0.2671291715266157,0.10182308153078871,0.04748068402734618,0.009271072238963743
2026-07-13,Liaoning Tieren,Beijing Guoan,0.18221670004898213,0.23024748218059143,0.5875358177704264,0.05846820168819116,0.014346307731814684,0.336487245838203,0.15489789897026604
2026-07-13,Liaoning Tieren,Changchun Yatai,0.5991604549700094,0.26312918563841536,0.13771035939157528,0.314090921464832,0.12774833965818835,0.03117443511825775,0.005148761837256829
2026-07-13,Liaoning Tieren,Chengdu Rongcheng,0.1292410563348639,0.21136160235953494,0.6593973413056011,0.034382421107918316,0.006869820793832941,0.4007772076419079,0.19627243487745463
2026-07-13,Liaoning Tieren,Chongqing Tonglianglong,0.47141387117515193,0.3618019246902767,0.16678420413457143,0.18188496182782132,0.05181526751047406,0.03248230128769582,0.00449530842566085
2026-07-13,Liaoning Tieren,Dalian Yingbo,0.3955400044700517,0.29877473654117137,0.30568525898877696,0.16450789125025714,0.052317731425663615,0.11033653050395238,0.030126047085855548
2026-07-13,Liaoning Tieren,Henan Songshan Longmen,0.27093199229567827,0.2731085049338431,0.4559595027704786,0.09810566560669302,0.027151596818521567,0.21652327378317882,0.0803357050032482
2026-07-13,Liaoning Tieren,Meizhou Hakka,0.6124547095946471,0.21185308651174312,0.1756922038936098,0.3714754522717805,0.18409130740253368,0.05924196609699328,0.015484351221346648
2026-07-13,Liaoning Tieren,Qingdao Hainiu,0.4371649061148098,0.26276252869827454,0.3000725651869157,0.21035311459920525,0.07982557826997008,0.11963394811001549,0.03702450511320917
2026-07-13,Liaoning Tieren,Qingdao West Coast,0.4026017909144148,0.3023505177103886,0.29504769137519654,0.16724461150483533,0.05301236374797046,0.10311218380435445,0.027141796339659845
2026-07-13,Liaoning Tieren,Shandong Taishan,0.25256015680456967,0.23365832890349691,0.5137815142919334,0.10013048205556273,0.03122407050681615,0.2838340162915648,0.12702237860084986
2026-07-13,Liaoning Tieren,Shanghai Port,0.26826492297294113,0.24492474407669362,0.48681033295036524,0.10609931187583868,0.03281885302867139,0.2562755415179026,0.1081793536293363
2026-07-13,Liaoning Tieren,Shanghai Shenhua,0.2067631339213013,0.22372880554386465,0.569508060534834,0.07456112227789281,0.02094983296505841,0.3309303168534751,0.15633183251900507
2026-07-13,Liaoning Tieren,Shenzhen Xinpengcheng,0.5130207284927774,0.27073917218766147,0.21624009931956117,0.2550483908705901,0.09896839968277121,0.06769718511995992,0.0159478898671639
2026-07-13,Liaoning Tieren,Tianjin Jinmen Tiger,0.3954313772124719,0.31837983862566743,0.28618878416186067,0.1560675680215572,0.046495869447904355,0.09370786828863617,0.022855129599406807
2026-07-13,Liaoning Tieren,Wuhan Three Towns,0.4825200848888637,0.2500691722303213,0.2674107428808149,0.24955655473044017,0.10296554291526187,0.10368925793412793,0.0312885946071436
2026-07-13,Liaoning Tieren,Yunnan Yukun,0.42792324175265306,0.2641721580052855,0.30790460024206145,0.20330203842538008,0.07606206681145722,0.12405855824194457,0.03882110089450856
2026-07-13,Liaoning Tieren,Zhejiang Professional,0.3554428665864094,0.2792395079303511,0.36531762548323954,0.14805117869854414,0.04767826649526774,0.15434484503161036,0.05047566632410007
2026-07-13,Meizhou Hakka,Beijing Guoan,0.12638271920674274,0.20222681280750066,0.6713904679857566,0.03445762871534731,0.00709618855606813,0.41870612193724827,0.21196425675006914
2026-07-13,Meizhou Hakka,Changchun Yatai,0.5071684272074108,0.30502818616356453,0.18780338662902463,0.2297384570214996,0.07915620290071688,0.04731992071058501,0.008708386216884174
2026-07-13,Meizhou Hakka,Chengdu Rongcheng,0.08749658738129774,0.1789876404466194,0.7335157721720829,0.019683878548153736,0.003289962668079766,0.48300701095142545,0.25928553191413173
2026-07-13,Meizhou Hakka,Chongqing Tonglianglong,0.3927859980336577,0.3955262539960258,0.2116877479703165,0.12886176612477035,0.030767634576929728,0.04580691394414082,0.007056466117115409
2026-07-13,Meizhou Hakka,Dalian Yingbo,0.31074648002151295,0.3074258425300085,0.38182767744847856,0.11050699908306412,0.029590362277153295,0.15241648675325434,0.04620592997274853
2026-07-13,Meizhou Hakka,Henan Songshan Longmen,0.19973943069649017,0.25849702759072035,0.5417635417127895,0.06160820836119578,0.014328513075573403,0.2824659900560616,0.1158609019442906
2026-07-13,Meizhou Hakka,Liaoning Tieren,0.4108896703409091,0.2535506826494138,0.3355596470096771,0.19803500594933357,0.07588049084052037,0.14671838306745763,0.050571128340071
2026-07-13,Meizhou Hakka,Qingdao Hainiu,0.3412068993423992,0.27351632423787775,0.38527677641972313,0.14145813983452665,0.04546453151381958,0.16996164913957146,0.0584235408722653
2026-07-13,Meizhou Hakka,Qingdao West Coast,0.317874553488119,0.3128173971928717,0.3693080493190093,0.11288160029205055,0.030119283720870964,0.14279487737094154,0.041743611328860133
2026-07-13,Meizhou Hakka,Shandong Taishan,0.17834706630468644,0.21296497871126552,0.608687954984048,0.06051204474014893,0.015922667122029662,0.3678305310800182,0.1815346146698543
2026-07-13,Meizhou Hakka,Shanghai Port,0.1926201030254533,0.2271782347107245,0.5802016622638222,0.06516395515923527,0.016998078121231518,0.33469401298499696,0.15598416028928327
2026-07-13,Meizhou Hakka,Shanghai Shenhua,0.1428700674877691,0.1974814216338,0.6596485108784309,0.04395518317440028,0.010398424952799126,0.4177796585444944,0.21713970075969166
2026-07-13,Meizhou Hakka,Shenzhen Xinpengcheng,0.417630947320279,0.29703612493434334,0.2853329277453776,0.17902080754911523,0.058811138152116235,0.0991695315418374,0.025996670428348915
2026-07-13,Meizhou Hakka,Tianjin Jinmen Tiger,0.31406773303998914,0.3298741870443078,0.35605807991570304,0.10569839388920228,0.026458597776098942,0.12902471861356207,0.03495385571290231
2026-07-13,Meizhou Hakka,Wuhan Three Towns,0.381207121247707,0.2670351016779415,0.35175777707435146,0.17055163593038555,0.05977183482811449,0.15116417664134807,0.050714360112724885
2026-07-13,Meizhou Hakka,Yunnan Yukun,0.33293124572934296,0.2734897388373896,0.39357901543326745,0.1361964286184293,0.04313793711139099,0.17540081537257662,0.06095067238349924
2026-07-13,Meizhou Hakka,Zhejiang Professional,0.27123880817629487,0.27821968150848675,0.4505415103152184,0.09669528487646115,0.026249185456707885,0.20995823302059152,0.07611988315530921
2026-07-13,Qingdao Hainiu,Beijing Guoan,0.22517846657217502,0.26990466336081365,0.5049168700670114,0.07276096703645103,0.017759082978586135,0.2504237522034427,0.09708202385195275
2026-07-13,Qingdao Hainiu,Changchun Yatai,0.6206583941234194,0.2667561967361949,0.11258540914038573,0.32350641641759637,0.1298444060062767,0.021185229569311008,0.0028629072033977783
2026-07-13,Qingdao Hainiu,Chengdu Rongcheng,0.1654530667377443,0.25856068936667975,0.575986243895576,0.04420179440022296,0.008763782331185962,0.30390709824800477,0.1254688941950174
2026-07-13,Qingdao Hainiu,Chongqing Tonglianglong,0.4882310936513469,0.37439037835910516,0.13737852798954786,0.18603965451255766,0.05203246847216998,0.02200783220872788,0.0024754862936812883
2026-07-13,Qingdao Hainiu,Dalian Yingbo,0.4323454600380622,0.3147988643342958,0.252855675627642,0.17962889669821577,0.05653051711791018,0.07698430567406374,0.017366635840331712
2026-07-13,Qingdao Hainiu,Henan Songshan Longmen,0.3140469702351318,0.30211845739067295,0.3838345723741952,0.11411063346072015,0.03134219122096334,0.15585550685236177,0.04824087039067583
2026-07-13,Qingdao Hainiu,Liaoning Tieren,0.5621493560054899,0.23635073768394183,0.2014999063105683,0.3142725801068274,0.140952356690475,0.06791841180230906,0.01758345971838244
2026-07-13,Qingdao Hainiu,Meizhou Hakka,0.6484454408585649,0.21045362881066546,0.14110093033076962,0.3954221890438373,0.19524140285222477,0.04046700540528444,0.00880127395908143
2026-07-13,Qingdao Hainiu,Qingdao West Coast,0.4381658444466507,0.31790068676065825,0.243933468792691,0.1816853943356491,0.056956134315189366,0.07178413861148343,0.015592687075354177
2026-07-13,Qingdao Hainiu,Shandong Taishan,0.30356588602143914,0.2630060655387565,0.4334280484398043,0.12175710043166053,0.037930750154015355,0.207693845278646,0.07846908891783755
2026-07-13,Qingdao Hainiu,Shanghai Port,0.3176983106621805,0.27279094505327,0.40951074428454953,0.12685329047060834,0.03913443140556458,0.18621427377803906,0.06612751043329226
2026-07-13,Qingdao Hainiu,Shanghai Shenhua,0.25484461722236496,0.25907452111978246,0.4860808616578526,0.0929170374167691,0.02605924136724121,0.2455692370677091,0.09807235284170795
2026-07-13,Qingdao Hainiu,Shenzhen Xinpengcheng,0.5461241859288347,0.2770780949098365,0.17679771916132883,0.27133736012400017,0.10428096834015486,0.046571659619770375,0.009051335970673938
2026-07-13,Qingdao Hainiu,Tianjin Jinmen Tiger,0.4278574855326916,0.3352122935877536,0.23693022087955487,0.16814344827712638,0.04945098227833885,0.06504133582484674,0.013050395630108513
2026-07-13,Qingdao Hainiu,Wuhan Three Towns,0.5255185309807883,0.2566556482901768,0.21782582072903495,0.27338585231779444,0.11230943171087518,0.07198801808562176,0.018097357620113795
2026-07-13,Qingdao Hainiu,Yunnan Yukun,0.47161674810715404,0.2756047317694994,0.25277852012334656,0.22517991904206966,0.08378879103665601,0.08676923461919972,0.022607600455940385
2026-07-13,Qingdao Hainiu,Zhejiang Professional,0.39842244027786383,0.2983241030671424,0.3032534566549938,0.1664933335031241,0.05322639467076594,0.10906939893305284,0.02966954918610568
2026-07-13,Qingdao West Coast,Beijing Guoan,0.2249242845408374,0.31565046194469226,0.4594252535144703,0.06286091365661352,0.012916788617435008,0.19545066481802117,0.06294354795527725
2026-07-13,Qingdao West Coast,Changchun Yatai,0.5687723148919971,0.320372787952003,0.11085489715599989,0.25654542096108335,0.08666055618413696,0.017168953481875904,0.0018735002215583573
2026-07-13,Qingdao West Coast,Chengdu Rongcheng,0.16927991517288216,0.3092629563524456,0.5214571284746723,0.03878552608586598,0.006435079739790805,0.23580536716308764,0.08079138814467256
2026-07-13,Qingdao West Coast,Chongqing Tonglianglong,0.43866794388222746,0.4340345014427326,0.12729755467504,0.14129835730817464,0.03274644234871961,0.016547047186938925,0.0014901481773965345
2026-07-13,Qingdao West Coast,Dalian Yingbo,0.40261268796716726,0.3620097343266395,0.23537757770619328,0.14413411371659857,0.038078887518095746,0.05989990688578206,0.01102043420215365
2026-07-13,Qingdao West Coast,Henan Songshan Longmen,0.30167370492907924,0.3471711778770857,0.35115511719383513,0.09462408502829606,0.02184962085224061,0.12084467269179987,0.03080011596691573
2026-07-13,Qingdao West Coast,Liaoning Tieren,0.5283760040241532,0.274852656416686,0.1967713395591608,0.26190040035563145,0.10081369185460347,0.05668244531408962,0.012162792755592648
2026-07-13,Qingdao West Coast,Meizhou Hakka,0.6064691004825145,0.25108665558193366,0.14244424393555188,0.3287926652597997,0.1396016212597221,0.03470878015660151,0.006228832028258018
2026-07-13,Qingdao West Coast,Qingdao Hainiu,0.45151381452330286,0.31489855279447254,0.2335876326822246,0.19107990812152853,0.06124972098062864,0.06723852718791211,0.014269584256893215
2026-07-13,Qingdao West Coast,Shandong Taishan,0.29818234304474284,0.30247159618596275,0.39934606076929446,0.10486046791107898,0.027789557641952504,0.16519319109023894,0.05212834842854459
2026-07-13,Qingdao West Coast,Shanghai Port,0.3094249208832973,0.31325080438596264,0.37732427473074004,0.10796677078851558,0.02826054343354177,0.1473804044686699,0.04354001099356976
2026-07-13,Qingdao West Coast,Shanghai Shenhua,0.2540648607302148,0.30077860604080353,0.44515653322898174,0.08088375665795612,0.019234732158647922,0.19422700209487387,0.06479877930295216
2026-07-13,Qingdao West Coast,Shenzhen Xinpengcheng,0.5055880208832402,0.32416989697651677,0.17024208214024308,0.21836371999448723,0.07089012822679511,0.037454041993363316,0.005933810187232799
2026-07-13,Qingdao West Coast,Tianjin Jinmen Tiger,0.39523097000712787,0.38549791096692787,0.21927111902594418,0.13293955861012388,0.03266808800262377,0.049926145495448764,0.008128320969082
2026-07-13,Qingdao West Coast,Wuhan Three Towns,0.4930058354318856,0.29724647068908316,0.20974769387903122,0.22564346419196785,0.07905132500612169,0.0588866607671638,0.012213855369940416
2026-07-13,Qingdao West Coast,Yunnan Yukun,0.44345421585477907,0.31716148039173975,0.23938430375348116,0.18518334533816364,0.05849240138682495,0.06966233838524535,0.014951851966320043
2026-07-13,Qingdao West Coast,Zhejiang Professional,0.376418943524914,0.34195643909351203,0.28162461738157396,0.13641424781640216,0.03678466924968875,0.08559849119835751,0.01913599902518355
2026-07-13,Shandong Taishan,Beijing Guoan,0.4038403873989193,0.26816166398418595,0.3279979486168947,0.1849691536549796,0.06641080888218141,0.13527453627732705,0.04335165763058491
2026-07-13,Shandong Taishan,Changchun Yatai,0.8056539283255199,0.14775915784581714,0.04658691382866301,0.5624979500169089,0.3209787359621266,0.007144917321587006,0.000790181395066604
2026-07-13,Shandong Taishan,Chengdu Rongcheng,0.31159526433276635,0.28134793950812303,0.40705679615911056,0.11983122310054121,0.0353280442236577,0.18013266192950103,0.061801210490370156
2026-07-13,Shandong Taishan,Chongqing Tonglianglong,0.6721315239971667,0.25577574528658215,0.07209273071625116,0.361156609475461,0.1488482708827289,0.009482781251057584,0.0008767668153116426
2026-07-13,Shandong Taishan,Dalian Yingbo,0.637737585045072,0.23012031714136805,0.1321420978135599,0.3674747062312657,0.1680664089796573,0.03295559637231949,0.006097529035559221
2026-07-13,Shandong Taishan,Henan Songshan Longmen,0.5123858112313147,0.26093470364551274,0.2266794851231726,0.2616160084244618,0.1051966060939771,0.07588583255174916,0.01932628988327627
2026-07-13,Shandong Taishan,Liaoning Tieren,0.7814814570412025,0.13766791386616603,0.08085062909263144,0.5745662256565647,0.35906225045541323,0.022046404825964382,0.004640931586496267
2026-07-13,Shandong Taishan,Meizhou Hakka,0.8457215277938988,0.10485832164552401,0.04942015056057723,0.6646014717403672,0.45064615519018336,0.011431229227111081,0.0020188070236702885
2026-07-13,Shandong Taishan,Qingdao Hainiu,0.6998903356323123,0.18460415560734203,0.11550550876034568,0.45790687423590454,0.24634019657147324,0.03194947640957986,0.006724518210375429
2026-07-13,Shandong Taishan,Qingdao West Coast,0.6422153181825856,0.2306188288214496,0.1271658529959648,0.36955470148025144,0.168477070151534,0.03065454172711994,0.005461852346984591
2026-07-13,Shandong Taishan,Shanghai Port,0.5308035362599336,0.23561574994853524,0.23358071379153117,0.2939108742202326,0.13128646392708365,0.08741102593557559,0.025495898457273652
2026-07-13,Shandong Taishan,Shanghai Shenhua,0.45337432140860773,0.24751752406655192,0.2991081545248404,0.23127943294290051,0.09445724072109313,0.12514452431357778,0.041199268804293136
2026-07-13,Shandong Taishan,Shenzhen Xinpengcheng,0.750388878447643,0.1709119667795237,0.07869915477283329,0.5030541161520187,0.2756884770447956,0.016884371654781013,0.0026827560934798503
2026-07-13,Shandong Taishan,Tianjin Jinmen Tiger,0.6261149238478346,0.24688309263738176,0.12700198351478362,0.3441839894445532,0.14808238358248452,0.028600927350631824,0.004712122114923774
2026-07-13,Shandong Taishan,Wuhan Three Towns,0.7444806118472316,0.16072525917299343,0.09479412897977499,0.5171060354094538,0.2997482725294955,0.02543747105632633,0.005213504555494845
2026-07-13,Shandong Taishan,Yunnan Yukun,0.6910512795440805,0.18874188683087323,0.12020683362504625,0.4473405032139352,0.23760437073719148,0.0336290435761646,0.007160151179691341
2026-07-13,Shandong Taishan,Zhejiang Professional,0.6103588368331496,0.22837906231379757,0.16126210085305281,0.35276529479515245,0.16335460622699605,0.047526083217362514,0.010600284661035197
2026-07-13,Shanghai Port,Beijing Guoan,0.3811270061110635,0.27711698476437746,0.3417560091245591,0.16549967801120116,0.05581122304875638,0.1402764117507629,0.04450951451572621
2026-07-13,Shanghai Port,Changchun Yatai,0.7806871748223854,0.16668989657197436,0.05262292860564026,0.5214071628162046,0.28104800911153394,0.0079932095943121,0.0008717480092091353
2026-07-13,Shanghai Port,Chengdu Rongcheng,0.2933307783197767,0.28802562964127676,0.4186435920389465,0.10657973341350972,0.029435193929079145,0.1841353810763543,0.06249007049873974
2026-07-13,Shanghai Port,Chongqing Tonglianglong,0.6443223751473937,0.2778867252591925,0.07779089959341383,0.3274674469799073,0.12641607420682877,0.01009538963681742,0.00091829966746941
2026-07-13,Shanghai Port,Dalian Yingbo,0.6098461463839485,0.2474391996836341,0.1427146539324174,0.3341040345665242,0.14374385766074932,0.03532791004205094,0.006456330605901714
2026-07-13,Shanghai Port,Henan Songshan Longmen,0.48624636665383547,0.27404792308595044,0.2397057102602141,0.23562260249185601,0.08903823505859415,0.07978248885523401,0.02009739234077756
2026-07-13,Shanghai Port,Liaoning Tieren,0.7547225512438654,0.15371625459880742,0.09156119415732714,0.5337511676394222,0.3169524728645669,0.024921453750419646,0.005204046720350731
2026-07-13,Shanghai Port,Meizhou Hakka,0.8222517049928473,0.12030022714014005,0.05744806786701267,0.6236985578756286,0.4029623961809941,0.013255610660465409,0.0023207294061826566
2026-07-13,Shanghai Port,Qingdao Hainiu,0.6716969046381747,0.20113760181587645,0.1271654935459489,0.4202433062634188,0.2137127252159154,0.035029076475974676,0.007300321832613011
2026-07-13,Shanghai Port,Qingdao West Coast,0.6143443845432842,0.24825390859240182,0.13740170686431397,0.33602813989551916,0.14407452447879404,0.032863328001629444,0.005781998788042125
2026-07-13,Shanghai Port,Shandong Taishan,0.4911101185575159,0.24397075277181557,0.26491912867066847,0.2599549593057579,0.11041536907634253,0.10430925399455257,0.0321165667276117
2026-07-13,Shanghai Port,Shanghai Shenhua,0.4283695963789719,0.2571422638971893,0.3144881397238388,0.20783545280455645,0.07993940455817078,0.1311819186550737,0.04282110191756641
2026-07-13,Shanghai Port,Shenzhen Xinpengcheng,0.7234216264619378,0.18901688460574595,0.08756148893231629,0.4636140434427016,0.23998929520523982,0.01865814604992915,0.0029293480350230145
2026-07-13,Shanghai Port,Tianjin Jinmen Tiger,0.5984286171007416,0.26504839443137124,0.13652298846788719,0.3120771407753006,0.1260803760834154,0.03046634661429847,0.004952167448033269
2026-07-13,Shanghai Port,Wuhan Three Towns,0.7168982766707765,0.17729691077632662,0.10580481255289684,0.47744728827561134,0.26221128971085983,0.028297234635801267,0.005746078720964282
2026-07-13,Shanghai Port,Yunnan Yukun,0.662782905262834,0.20518569176407025,0.13203140297309574,0.41011606259041106,0.2058534320354768,0.03678219650856022,0.007754387557369592
2026-07-13,Shanghai Port,Zhejiang Professional,0.5823908940345391,0.24397763624871807,0.1736314697167428,0.3204262483731151,0.1397537071141992,0.05089117946252633,0.011228643038430712
2026-07-13,Shanghai Shenhua,Beijing Guoan,0.4557705184712637,0.26683154210870785,0.27739793942002844,0.22026542041961747,0.0836356420389371,0.10405212793511598,0.030028354655148908
2026-07-13,Shanghai Shenhua,Changchun Yatai,0.8340420058459658,0.1298337605627867,0.03612423359124753,0.6042553261867433,0.3607729066825575,0.00496646491520737,0.000489866748005204
2026-07-13,Shanghai Shenhua,Chengdu Rongcheng,0.35852320419857125,0.2890169152745582,0.3524598805268705,0.14579645189897453,0.04551247095076471,0.14203220324416332,0.043904177413548934
2026-07-13,Shanghai Shenhua,Chongqing Tonglianglong,0.7040460274981336,0.23711677935171827,0.05883719315014813,0.39554444546480516,0.17146486776818537,0.006916241618135895,0.0005691957611864526
2026-07-13,Shanghai Shenhua,Dalian Yingbo,0.6800702391503445,0.21313804424345692,0.1067917166061986,0.4101933522268284,0.1974284731608547,0.023997657432715314,0.003972963204261404
2026-07-13,Shanghai Shenhua,Henan Songshan Longmen,0.5617573954135959,0.2506102259540847,0.18763237863231935,0.3016164004116362,0.1279960258801686,0.05686967847567223,0.013001426709016843
2026-07-13,Shanghai Shenhua,Liaoning Tieren,0.819868279362201,0.1190107589995387,0.061120961638260335,0.6260448386815682,0.4094091142267532,0.01507515570255769,0.002848841076298756
2026-07-13,Shanghai Shenhua,Meizhou Hakka,0.8756067094202574,0.0879406409565496,0.03645264962319297,0.7111109634401986,0.502707273912117,0.00761146075049174,0.0012049865941063259
2026-07-13,Shanghai Shenhua,Qingdao Hainiu,0.7430909070098906,0.1662170016735348,0.09069209131657466,0.5074236289855473,0.2866946781324562,0.02266861017930429,0.004278807179218516
2026-07-13,Shanghai Shenhua,Qingdao West Coast,0.6837599669831826,0.21345492538139915,0.1027851076354182,0.41178828114487015,0.1975415708106973,0.022312735192437542,0.0035559092216454194
2026-07-13,Shanghai Shenhua,Shandong Taishan,0.5738652754671013,0.22234927280996075,0.20378545172293794,0.3351935313739215,0.15929918824582714,0.0731516659216252,0.020457761233520055
2026-07-13,Shanghai Shenhua,Shanghai Port,0.5846251054095393,0.22444361273350477,0.19093128185695596,0.3402686707244603,0.1603735068792196,0.06489464912336987,0.017035501797706416
2026-07-13,Shanghai Shenhua,Shenzhen Xinpengcheng,0.7863347561023909,0.15215973501979013,0.06150550887781896,0.5487808014312816,0.31533839147291687,0.011876347640718658,0.0016874478666850966
2026-07-13,Shanghai Shenhua,Tianjin Jinmen Tiger,0.6664434181199481,0.23010417811391182,0.10345240376614005,0.38367300385718195,0.17377684551970782,0.02095158199216838,0.0030845610309216697
2026-07-13,Shanghai Shenhua,Wuhan Three Towns,0.784930340944713,0.14192288063594988,0.0731467784193371,0.5676270644397045,0.34496106448167024,0.017737807753153888,0.0032607664181410747
2026-07-13,Shanghai Shenhua,Yunnan Yukun,0.7348390142675243,0.17051360872596774,0.09464737700650797,0.49670090032855113,0.27716210274869235,0.023929681380739604,0.0045695471032016904
2026-07-13,Shanghai Shenhua,Zhejiang Professional,0.6570308383427103,0.21262240404438004,0.1303467576129097,0.3979372002515941,0.19405183975781048,0.03471830827045275,0.006943831071641696
2026-07-13,Shenzhen Xinpengcheng,Beijing Guoan,0.1611422072143117,0.27105059564435996,0.5678071971413283,0.04029122840760785,0.007405701330451934,0.2890176496595698,0.1140096061928675
2026-07-13,Shenzhen Xinpengcheng,Changchun Yatai,0.4999814374528785,0.34486397950173053,0.155154583045391,0.20503943255954493,0.06252101244874313,0.02981450463913551,0.004076358762960204
2026-07-13,Shenzhen Xinpengcheng,Chengdu Rongcheng,0.11745759478445063,0.2541776883250041,0.6283647168905453,0.02405003939068975,0.003567503478004734,0.3387797058080417,0.14191282391129523
2026-07-13,Shenzhen Xinpengcheng,Chongqing Tonglianglong,0.38230602236203776,0.44712883785780067,0.17056513978016155,0.11136676991700757,0.023227302357418007,0.027652580975223502,0.003129944664302086
2026-07-13,Shenzhen Xinpengcheng,Dalian Yingbo,0.3298420273956745,0.35804667570549686,0.31211129689882866,0.10648297756033928,0.025276523101548404,0.09735293558739223,0.022279967657612535
2026-07-13,Shenzhen Xinpengcheng,Henan Songshan Longmen,0.2312562492591531,0.32000205455353015,0.44874169618731674,0.06511518741483832,0.013475229554973754,0.1870045643476483,0.05884150754067755
2026-07-13,Shenzhen Xinpengcheng,Liaoning Tieren,0.4367918982689778,0.2873023931608595,0.2759057085701627,0.19604925695305525,0.06795822426903501,0.09666015770707886,0.02565183506842476
2026-07-13,Shenzhen Xinpengcheng,Meizhou Hakka,0.5192398119966838,0.27484637287358693,0.2059138151297293,0.256159746355752,0.09823255297620326,0.06135097245710101,0.013664634158875368
2026-07-13,Shenzhen Xinpengcheng,Qingdao Hainiu,0.36739117763745643,0.31630184230647407,0.3163069800560695,0.14034697253473222,0.04044080116215021,0.11091544985574958,0.029156280072923445
2026-07-13,Shenzhen Xinpengcheng,Qingdao West Coast,0.33513548097224477,0.3632608638496753,0.3016036551780799,0.10787811771540269,0.025490555131278576,0.09086018712243261,0.020011152661683893
2026-07-13,Shenzhen Xinpengcheng,Shandong Taishan,0.21894191143814312,0.27148633859251625,0.5095717499693406,0.06898010828912927,0.016361527963660683,0.25232599575114073,0.09748903636148097
2026-07-13,Shenzhen Xinpengcheng,Shanghai Port,0.2311016177268299,0.2852167497089021,0.483681632564268,0.07230999423961773,0.01695001091215943,0.22698883153127333,0.0823221646732004
2026-07-13,Shenzhen Xinpengcheng,Shanghai Shenhua,0.1818908421219504,0.26114174440137017,0.5569674134766794,0.051806137982704746,0.011018399402291355,0.29001948870606514,0.11825602731920568
2026-07-13,Shenzhen Xinpengcheng,Tianjin Jinmen Tiger,0.32756173065766253,0.38254656616374527,0.28989170317859214,0.09937682743169653,0.021945089277868354,0.08123882064315578,0.01649565508367891
2026-07-13,Shenzhen Xinpengcheng,Wuhan Three Towns,0.4058679016981975,0.30516736544741596,0.2889647328543866,0.1679765856554838,0.05295319663567731,0.09885492287268648,0.025397126630677606
2026-07-13,Shenzhen Xinpengcheng,Yunnan Yukun,0.3597083260801429,0.3171424398781322,0.3231492340417249,0.13554365867960386,0.03847837627158657,0.11451818021807608,0.03043919501292072
2026-07-13,Shenzhen Xinpengcheng,Zhejiang Professional,0.2993846528001873,0.33030575273983687,0.3703095944599758,0.09766605240347571,0.02363847266956096,0.13696951220924233,0.037913592571854414
2026-07-13,Tianjin Jinmen Tiger,Beijing Guoan,0.21886291800473576,0.33314682368140075,0.44799025831386347,0.05701518741919363,0.010816280699150301,0.1806387902947501,0.05457687879247454
2026-07-13,Tianjin Jinmen Tiger,Changchun Yatai,0.5427703759908384,0.34541371160099904,0.11181591240816253,0.2285698336881628,0.07133826696118178,0.01620451706516934,0.0016450769823488707
2026-07-13,Tianjin Jinmen Tiger,Chengdu Rongcheng,0.1656744268024486,0.32787672824230474,0.5064488449552467,0.03526995033513836,0.00539120672321305,0.21695702737645645,0.06970871127577363
2026-07-13,Tianjin Jinmen Tiger,Chongqing Tonglianglong,0.41494849531623695,0.459895357099959,0.12515614758380397,0.1237145081907294,0.02634744297701034,0.015156859569983722,0.0012666931650429578
2026-07-13,Tianjin Jinmen Tiger,Dalian Yingbo,0.38496420358593125,0.38282674319991733,0.23220905321415136,0.12838619068340068,0.03129891586279562,0.055558337149390576,0.009537546283149657
2026-07-13,Tianjin Jinmen Tiger,Henan Songshan Longmen,0.29061693530384236,0.36567284122786514,0.3437102234682925,0.08493850384007387,0.018102589794124435,0.11168957973058943,0.026637350409572293
2026-07-13,Tianjin Jinmen Tiger,Liaoning Tieren,0.5080514724340737,0.2933536087595547,0.19859491880637165,0.23719046002787345,0.08491542473830281,0.05418688146813546,0.01090381290171532
2026-07-13,Tianjin Jinmen Tiger,Meizhou Hakka,0.5831857301445018,0.27111987412658356,0.14569439572891463,0.29820494573396705,0.11786402473426769,0.03356129935455798,0.005640353247084953
2026-07-13,Tianjin Jinmen Tiger,Qingdao Hainiu,0.4333791896226097,0.3339499008022368,0.23267090957515352,0.17184877885191063,0.051035318201861295,0.06325906085811887,0.012564862505834535
2026-07-13,Tianjin Jinmen Tiger,Qingdao West Coast,0.3888780083951111,0.3870184596105028,0.2241035319943861,0.1292239897802191,0.03134495404856106,0.05168631239511624,0.008528374509202491
2026-07-13,Tianjin Jinmen Tiger,Shandong Taishan,0.2891620349663572,0.3184986441389706,0.3923393208946722,0.0952838289786601,0.023399063257031984,0.154191746133385,0.04573131511607392
2026-07-13,Tianjin Jinmen Tiger,Shanghai Port,0.29938018885604223,0.32990591350681797,0.3707138976371398,0.0977684499861016,0.023693262224539484,0.137340423490116,0.03808729690643879
2026-07-13,Tianjin Jinmen Tiger,Shanghai Shenhua,0.2472319513042852,0.31704330752282495,0.43572474117288984,0.07362570325020266,0.01620448337714983,0.18062188539631227,0.05663590489288087
2026-07-13,Tianjin Jinmen Tiger,Shenzhen Xinpengcheng,0.48352509918401565,0.346072238773711,0.17040266204227333,0.19524154866536045,0.058625201082841444,0.0352401466964824,0.005208779212627042
2026-07-13,Tianjin Jinmen Tiger,Wuhan Three Towns,0.4733974022568568,0.31632734528465245,0.21027525245849074,0.2034508760579425,0.0661372482910696,0.05580204496473784,0.010838125714464915
2026-07-13,Tianjin Jinmen Tiger,Yunnan Yukun,0.4256792110860889,0.336134054404302,0.238186734509609,0.16651610274594664,0.04872034850455072,0.06546998760096082,0.01315188846126948
2026-07-13,Tianjin Jinmen Tiger,Zhejiang Professional,0.36135609055480317,0.36097242915366673,0.27767148029153005,0.1222614766281238,0.030468272132500814,0.079627031882512,0.016647968375270283
2026-07-13,Wuhan Three Towns,Beijing Guoan,0.19819777841724362,0.251621082196685,0.5501811393860714,0.06232432321545118,0.014843186341433412,0.2933652217370569,0.12373773252618457
2026-07-13,Wuhan Three Towns,Changchun Yatai,0.5988360852142691,0.2727907345136674,0.12837318027206343,0.3060984639042858,0.12043328951233091,0.0264452633690947,0.003936119140795726
2026-07-13,Wuhan Three Towns,Chengdu Rongcheng,0.1432307539740271,0.23589097642219836,0.6208782696037746,0.03724819127006568,0.007208860849181551,0.35166935404324273,0.15784826251954437
2026-07-13,Wuhan Three Towns,Chongqing Tonglianglong,0.46971729101699444,0.37596622150895465,0.15431648747405088,0.17550269163384927,0.04812420094933377,0.027164311239314915,0.0033731901518831387
2026-07-13,Wuhan Three Towns,Dalian Yingbo,0.40481422895040836,0.3119425968452696,0.283243174204322,0.16435702681125097,0.050598450562523926,0.09381463247970599,0.02321551789931489
2026-07-13,Wuhan Three Towns,Henan Songshan Longmen,0.28532292238382856,0.29068476247750263,0.42399231513866886,0.101072239920611,0.027117947728103928,0.18616676865484966,0.06295211729377492
2026-07-13,Wuhan Three Towns,Liaoning Tieren,0.5290306536390362,0.24023894413712088,0.2307304022238429,0.2888147506737295,0.12657704374950177,0.08418967151185068,0.023813634617365537
2026-07-13,Wuhan Three Towns,Meizhou Hakka,0.6191348683985296,0.217643416535556,0.1632217150659144,0.36944149581516295,0.17847714464393558,0.05080338970388958,0.012094403016761545
2026-07-13,Wuhan Three Towns,Qingdao Hainiu,0.44892541314622825,0.2730951193860056,0.27797946746776614,0.21192662603687937,0.07817388099704485,0.1023168373696258,0.028836861574828038
2026-07-13,Wuhan Three Towns,Qingdao West Coast,0.4111749895067111,0.31546154856867675,0.2733634619246121,0.1666519447376877,0.05111527232186132,0.08757572073978243,0.02087750611300537
2026-07-13,Wuhan Three Towns,Shandong Taishan,0.27076408595497814,0.250569992334181,0.4786659217108409,0.1056265754482067,0.03208433288171816,0.24656633817127555,0.10129016709093937
2026-07-13,Wuhan Three Towns,Shanghai Port,0.28551168844297686,0.26143880408660103,0.45304950747042205,0.11095930283047098,0.03339472016902757,0.22185742727116237,0.08578880216881704
2026-07-13,Wuhan Three Towns,Shanghai Shenhua,0.22451108908166165,0.24304416814397878,0.5324447427743596,0.07959205596497526,0.02176407132186274,0.2887833162933636,0.1253046162748618
2026-07-13,Wuhan Three Towns,Shenzhen Xinpengcheng,0.5190116917841825,0.28032167612201125,0.20066663209380625,0.25230369356967164,0.09491169658249772,0.05758489321619249,0.012286941756340456
2026-07-13,Wuhan Three Towns,Tianjin Jinmen Tiger,0.4026033676251407,0.3323489832076216,0.2650476491672377,0.15473346021474682,0.044541973422827855,0.07934317232860405,0.017492415250107363
2026-07-13,Wuhan Three Towns,Yunnan Yukun,0.43994289854448554,0.27481354399009583,0.28524355746541863,0.2050397194902723,0.07455957022137401,0.10611623788475469,0.030242737966590195
2026-07-13,Wuhan Three Towns,Zhejiang Professional,0.36825853775237377,0.2929933969605464,0.3387480652870799,0.15015932129918533,0.04691207700742792,0.13203944263103817,0.03929510393676678
2026-07-13,Yunnan Yukun,Beijing Guoan,0.23156343778567906,0.27249029473741687,0.4959462674769041,0.07564350030692454,0.018672025360437085,0.2428981049169812,0.09283950837582665
2026-07-13,Yunnan Yukun,Changchun Yatai,0.6273233394218275,0.2635525471171913,0.10912411346098123,0.3299706390773647,0.1338017626434049,0.020224343750769574,0.0026901091256901345
2026-07-13,Yunnan Yukun,Chengdu Rongcheng,0.17062278508508752,0.2621020887276646,0.5672751261872478,0.04609337220774199,0.009243796859733753,0.2956679615497477,0.12037212028421052
2026-07-13,Yunnan Yukun,Chongqing Tonglianglong,0.4941453159298535,0.371937526471874,0.13391715759827255,0.19018918619160985,0.053771357546492995,0.02112352800498369,0.0023382312106327912
2026-07-13,Yunnan Yukun,Dalian Yingbo,0.4396651662903489,0.31373610396688206,0.24659872974276903,0.1845201345393719,0.05870110427754953,0.07401141453250137,0.016442291720006608
2026-07-13,Yunnan Yukun,Henan Songshan Longmen,0.32114579344598126,0.30308387029241796,0.3757703362616008,0.11792773583942118,0.032751583341384866,0.15054053485502844,0.045913190939046264
2026-07-13,Yunnan Yukun,Liaoning Tieren,0.5708066117667986,0.23402969049955388,0.19516369773364753,0.32206352944369226,0.14593065860000978,0.06487048185067937,0.016544412737007973
2026-07-13,Yunnan Yukun,Meizhou Hakka,0.6564374060030453,0.2073839595671155,0.13617863442983916,0.40376478287185336,0.20133407116852037,0.03849934093846262,0.008246637916383349
2026-07-13,Yunnan Yukun,Qingdao Hainiu,0.48880025578421604,0.2718831805912981,0.23931656362448583,0.2386845542261281,0.09104687718576202,0.08013661012438024,0.020337914017022143
2026-07-13,Yunnan Yukun,Qingdao West Coast,0.4454055804253483,0.3167223639129491,0.2378720556617026,0.1865548831358109,0.0591180100249604,0.06899885830184743,0.014759114644963921
2026-07-13,Yunnan Yukun,Shandong Taishan,0.31143903502253206,0.26435801146671295,0.42420295351075504,0.12623797888340252,0.03976393110170372,0.20069844547316049,0.0747561562950894
2026-07-13,Yunnan Yukun,Shanghai Port,0.3254971272237108,0.27386212141841126,0.4006407513578779,0.13133742338571272,0.04096725408370627,0.1798298801864744,0.06294781179146086
2026-07-13,Yunnan Yukun,Shanghai Shenhua,0.2620334064540935,0.26122713030500677,0.4767394632408998,0.09657072265142377,0.027388684902142614,0.23786174665602897,0.09366854917082817
2026-07-13,Yunnan Yukun,Shenzhen Xinpengcheng,0.5536484958322119,0.2746651860399202,0.17168631812786797,0.2776916940643729,0.10784274623393882,0.04456938145101497,0.008529200426928849
2026-07-13,Yunnan Yukun,Tianjin Jinmen Tiger,0.4347498151449263,0.33405935799708886,0.23119082685798487,0.1725945420151138,0.051314494838095824,0.06254667567392208,0.012356988430049775
2026-07-13,Yunnan Yukun,Wuhan Three Towns,0.5339080380427983,0.25466314472278306,0.21142881723441864,0.2803936242455139,0.11639350699982222,0.06889958093430232,0.017061809239745526
2026-07-13,Yunnan Yukun,Zhejiang Professional,0.4061191966634444,0.29792226694136975,0.2959585363951858,0.17144617774109083,0.05540833112959658,0.104981215593203,0.028132467264721833
2026-07-13,Zhejiang Professional,Beijing Guoan,0.28024594068407815,0.2982520535786565,0.4215020057372654,0.0959384851066292,0.02472533395436888,0.180837024330807,0.059414188038857715
2026-07-13,Zhejiang Professional,Changchun Yatai,0.6626279263508411,0.2510791317719272,0.08629294187723166,0.3605422594744876,0.15146660599083672,0.013627609641525618,0.001530076686170422
2026-07-13,Zhejiang Professional,Chengdu Rongcheng,0.21182694814591005,0.29696871095755534,0.4912043408965346,0.05995839539638161,0.012548689808157524,0.22469917280148594,0.07870242630156513
2026-07-13,Zhejiang Professional,Chongqing Tonglianglong,0.5250223669800277,0.36615408149954365,0.10882355152042866,0.20923855371392677,0.06130496964197233,0.014540886356826554,0.001353756778619816
2026-07-13,Zhejiang Professional,Dalian Yingbo,0.4856413473376633,0.3136704321023131,0.2006882205600236,0.21211296674501995,0.07015973492336358,0.05182324606952647,0.009777196741813628
2026-07-13,Zhejiang Professional,Henan Songshan Longmen,0.3708716511939862,0.31656524433393124,0.3125631044720825,0.14229196654345144,0.04118514141308283,0.10873240614740398,0.02833457554445112
2026-07-13,Zhejiang Professional,Liaoning Tieren,0.624191845082161,0.22324915150917732,0.15255900340866171,0.3665881152533377,0.17288988823117563,0.043993607665264015,0.009590041834349783
2026-07-13,Zhejiang Professional,Meizhou Hakka,0.7026697720013991,0.19262462299815533,0.10470560500044554,0.4482786201158841,0.23214099102378627,0.02558039923707402,0.004670354311793444
2026-07-13,Zhejiang Professional,Qingdao Hainiu,0.5410367836420532,0.26733817588027353,0.19162504047767326,0.2752709802097199,0.10930524192418908,0.055538574167590254,0.012022506829553631
2026-07-13,Zhejiang Professional,Qingdao West Coast,0.4904166921762299,0.31608659282828444,0.19349671499548574,0.21368287787809156,0.07038553093340892,0.04823807008151916,0.008756237852751276
2026-07-13,Zhejiang Professional,Shandong Taishan,0.36901614197860794,0.2789653922572979,0.3520184657640941,0.15683589710291015,0.051627604589656755,0.145995218471096,0.046804162152126065
2026-07-13,Zhejiang Professional,Shanghai Port,0.3815401930270117,0.2867251756548132,0.3317346313181751,0.1612394958297734,0.05251625632325002,0.13015545761489145,0.03912601123624481
2026-07-13,Zhejiang Professional,Shanghai Shenhua,0.31637187953873047,0.28248203565274804,0.4011460848085215,0.12233610942488882,0.036265731909562095,0.17576065241139358,0.059631328075866595
2026-07-13,Zhejiang Professional,Shenzhen Xinpengcheng,0.5978044891649285,0.2655504931244762,0.13664501771059537,0.3112988462905969,0.12554512354440198,0.030459839878753683,0.004944680440635957
2026-07-13,Zhejiang Professional,Tianjin Jinmen Tiger,0.4769543913240969,0.33429416225546427,0.18875144642043884,0.1968432117591046,0.06079988929596105,0.04377031439429838,0.007325228975785171
2026-07-13,Zhejiang Professional,Wuhan Three Towns,0.5860905915779168,0.2465294673564522,0.16737994106563103,0.32045734402929793,0.13843509235940146,0.0472220833689558,0.009977479531938699
2026-07-13,Zhejiang Professional,Yunnan Yukun,0.5322228931689801,0.27046171731283647,0.19731538951818345,0.26743536118594446,0.1047060569619238,0.057822187903990394,0.012659858422861534
